Indegree,Outdegree,NumSCC,betweenness,closeness
6,12,0,2300.877249062846,0.39987176747168196
1,4,0,0.0,0.3615458937198068
1,1,0,34.03093477428049,0.30398050365556456
0,3,3,0.0,0.35529813900493734
3,13,0,157.75941887582297,0.3919145370758274
0,4,5,0.0,0.3461609620721554
1,25,0,92.80669459039082,0.3280729440645274
2,24,0,9264.320377603999,0.41559306974677923
0,0,8,0.0,0.0
1,0,9,0.0,0.2477489406779661
3,15,0,686.3731995831733,0.38841602657255553
16,17,0,25836.25296540823,0.41476391044114386
2,1,0,0.0,0.29478493776587367
7,64,0,2069.930211662816,0.4540160155302111
3,5,0,221.13720828744312,0.33374955404923295
0,3,15,0.0,0.3286492183383102
21,58,0,26335.51556329692,0.45645279336423517
0,0,17,0.0,0.0
1,7,0,0.0,0.37843851132686085
1,2,0,1.0166666666666666,0.29125155666251556
0,1,20,0.0,0.2524966261808367
5,9,0,754.8352111592412,0.3846628289473684
4,6,0,663.1276348130981,0.33226780323210797
1,17,0,5453.697783879492,0.39257238774653797
8,5,0,7516.176262536777,0.31950136612021857
3,3,0,47.936688094829165,0.3515595640736565
16,8,0,2205.6851508174977,0.34757570128181314
5,3,0,18.447390695704996,0.31162558294470355
3,4,0,73.60786035968185,0.3248827921514152
4,19,0,1084.9512318614175,0.42130150866921867
13,10,0,1020.2907595367698,0.3999572466866182
8,32,0,4707.506244026439,0.42561419472247497
1,10,32,54.046926962233265,0.3699822028870872
13,14,0,896.5095051525986,0.3567206863679695
0,1,34,0.0,0.2559157434003556
0,7,35,0.0,0.38537590113285275
0,6,36,0.0,0.38121434392828035
0,1,37,0.0,0.2841737545565006
1,6,0,1420.7876165863956,0.37159880834160874
2,3,0,44.70712196037583,0.3307406752695775
7,30,0,6452.9482955514395,0.4306098964326812
1,5,0,26.79555640871144,0.33398786147804355
2,12,0,34.1939465156987,0.4013299013299013
0,0,43,0.0,0.0
2,7,0,73.88778942902161,0.3574021012416428
238,34,0,125344.19952699586,0.4706918238993711
6,18,0,382.2844666245718,0.38090390879478825
6,29,0,3821.3893757830783,0.41661099977733246
4,2,0,17.475548059444055,0.28438972488220093
0,0,49,0.0,0.0
5,11,0,1303.498954926489,0.3609182098765432
1,4,51,14.347267690907604,0.3403674731671821
0,0,52,0.0,0.0
3,7,0,81.9349631845856,0.362175764614789
2,3,0,3.1999999999999997,0.3277855641205326
1,2,0,4.778694301468223,0.2838288834951456
21,4,0,4214.752070827637,0.32928546286518834
7,9,0,1890.0827937660565,0.3066207800721075
19,7,0,652.023662200877,0.32493921500521017
17,10,0,208.60295779174754,0.30900082576383153
16,15,0,3533.5953536650572,0.3210914707396602
5,14,0,520.4236130715707,0.41633288829550513
7,12,0,1181.6030073511602,0.37759838546922303
1,1,0,0.0,0.3064199148378644
21,30,0,8804.57477493215,0.4223476297968397
4,12,0,1422.1999744877264,0.39125888749477206
1,7,0,174.25909736093377,0.3427995602784903
0,0,67,0.0,0.0
2,1,0,1784.787616586396,0.3159405606214117
0,1,69,0.0,0.24188752424046542
0,1,70,0.0,0.3105909694555113
10,43,0,6432.261645718945,0.4153163152053274
2,7,72,107.89869232779783,0.37056842939195883
0,3,73,0.0,0.3013367692059913
8,0,74,0.0,0.29993587688361656
18,16,0,8460.303359897773,0.4030590262817751
1,9,0,438.7435384395245,0.37851507181873356
0,2,77,0.0,0.26062125644240147
1,0,78,0.0,0.2697520184544406
2,11,0,250.62919364349762,0.3806714140386572
14,32,0,11558.612412896257,0.4214913268754224
2,3,0,56.73251648580464,0.35946205571565804
0,7,82,0.0,0.3980851063829787
3,16,0,1520.2426012129301,0.38561417971970324
2,11,0,222.9376936359839,0.38129203179131854
0,1,85,0.0,0.291796631316282
3,1,0,6.17776972539687,0.32980786180151594
1,9,0,2883.5821904627974,0.3215881746304572
0,2,88,0.0,0.3320908768193113
2,15,0,2442.468912995221,0.36693469307707394
1,10,0,191.78656283155385,0.37502505512126677
6,14,0,1485.4386524703436,0.3834016393442623
1,3,0,3.2431295562453495,0.3184138869979578
6,0,93,0.0,0.3383363471971067
7,19,0,2253.3144703322528,0.39514255543822596
2,7,0,2215.846173297103,0.3580861244019139
1,17,0,825.0989169211307,0.4015883236746083
2,0,97,0.0,0.23475533249686323
8,2,0,1788.499105339105,0.29084408518576094
133,14,0,19173.902791610337,0.4335032437442076
0,1,100,0.0,0.3024571613320401
1,5,51,8.783934174909266,0.3390721275824574
4,6,0,3657.4065853528446,0.3630190143577804
82,105,0,125077.350520655,0.4715221774193548
0,6,104,0.0,0.3919966478106013
5,25,0,3318.9738666687513,0.42629300524037367
0,3,106,0.0,0.33894927536231884
9,22,0,8388.895313154437,0.404978354978355
0,1,108,0.0,0.32048646796848235
0,10,109,0.0,0.36707867372964487
15,15,0,2304.311222595977,0.41066725197541704
5,17,0,2342.771183527614,0.3830876330876331
4,2,0,953.1747792120576,0.305469387755102
1,0,113,0.0,0.224987974987975
0,11,114,0.0,0.3796672077922078
16,25,0,4431.274005133216,0.4206384892086331
5,6,0,261.42037940688806,0.321920165175499
38,22,0,18156.40127668172,0.42092238470191223
115,33,0,115405.95141853178,0.4413776834159
1,2,119,3.67062080076786,0.2861731416335271
1,3,0,0.0,0.2778025241276912
0,9,121,0.0,0.3835588355883559
0,2,122,0.0,0.26069388323812176
1,0,123,0.0,0.33524457982440425
4,10,0,122.45401803534013,0.3757028112449799
0,4,125,0.0,0.3528191589666227
3,2,0,6406.0,0.3190110826939471
0,11,127,0.0,0.3860916219562526
1,9,0,18.518436200064862,0.36939782823297135
1,4,0,190.3443659547962,0.36379545012638537
16,22,0,9809.716851411484,0.40682757121113283
275,29,0,90759.90794882187,0.4794976934905177
4,10,0,693.6061008392053,0.36043151608553264
1,1,0,0.0,0.33197303051809796
7,5,0,3019.1991500579306,0.3685247193224345
1,5,0,59.64702128727892,0.3306237851210461
2,4,0,4.554761904761905,0.3257879157234895
2,4,0,61.77184907888422,0.3260149851890573
17,13,0,9098.517401588937,0.3609878448774841
26,15,0,2371.021259637565,0.4090511587232182
0,7,140,0.0,0.35308548782789206
35,12,0,2245.3347529194552,0.40576881370635437
0,4,142,0.0,0.3569929402785728
1,6,0,111.39888624599446,0.32584465343086033
19,5,0,1657.794391736064,0.3653583284514743
13,3,0,3004.66208904997,0.35638095238095235
33,19,0,5459.3243190312105,0.43430826369545034
1,5,0,634.2040499857923,0.33374955404923295
3,5,0,91.5237641696459,0.36976284584980235
5,13,0,925.0188236432147,0.40331968096572535
1,7,0,12.070433449810317,0.36443319049474093
1,27,151,37.869746566272696,0.3611271955221
36,21,0,23614.50710323016,0.3891430948419301
2,8,0,10.942671505131836,0.3833230895308338
7,9,0,1127.1955630918706,0.35685676139614725
3,2,0,129.3760916704412,0.33572582092230396
2,8,0,277.0622602845938,0.367944936086529
8,11,0,2000.7285811985594,0.35631308322224337
5,5,0,3486.1169846465837,0.3559064105002853
3,9,0,368.7495801388526,0.3364502787268477
1,1,0,196.02499442776826,0.29869093231162197
3,3,0,31.07621213864093,0.36043151608553264
8,18,0,112.83570807019382,0.34154801022270903
9,24,0,21133.87285765011,0.3797442662878019
14,10,0,930.5983802512751,0.30879683116025747
15,44,0,31374.677834322465,0.4439962031324158
21,2,0,1350.9661160164417,0.3501778027325473
1,25,151,0.0,0.3174953334464619
9,17,0,1330.2014391744544,0.41284201235657547
3,18,0,1972.4636344445175,0.4114800967670992
1,4,0,5.823477050109419,0.36344211344211347
1,0,171,0.0,0.25796222252860884
1,3,0,4.792185508905451,0.35136150234741786
6,24,0,4061.0941384500356,0.34192251461988304
1,4,174,19.01851663211586,0.33901069034245335
53,27,0,29616.986512033218,0.40994741454864153
2,16,0,2665.4663711633675,0.377293809235733
5,5,0,45.79188173595567,0.36657523510971785
2,8,0,144.94439395092672,0.3766861284477552
0,0,179,0.0,0.0
0,1,180,0.0,1.0
3,3,0,598.2330665887305,0.32957548000704595
1,2,0,0.0,0.26248597081930414
2,1,0,37.31430991188617,0.2668663528740551
82,24,0,12365.27226167694,0.44760765550239234
1,5,0,174.15802719650347,0.3414233576642336
7,18,0,1636.7477325819361,0.3886580805982551
2,5,0,667.8065954037696,0.33913358709443536
1,1,0,0.0,0.251986531986532
10,7,0,5551.926443636991,0.3593239869406568
1,5,0,2.999139079716917,0.3228088336783989
2,0,191,0.0,0.2973144764023518
1,17,0,185.25083190672356,0.41476391044114386
0,6,193,0.0,0.34513927319682713
154,29,0,56464.80324420209,0.458915869511896
0,5,195,0.0,0.34985041136873596
11,11,0,780.4942083305322,0.377827140549273
8,8,0,2225.2847492057826,0.3467383246849518
0,5,198,0.0,0.3372994411393546
1,4,0,1862.9916369227922,0.3336900303192438
1,5,200,1.8355388961321166,0.3798213560698335
5,8,0,22.325974773036947,0.31162558294470355
4,24,0,318.3288566041286,0.43260115606936417
12,4,0,483.3019333311222,0.366790825328367
1,2,0,0.0,0.3363293187129247
1,4,0,26.709761650575665,0.35529813900493734
1,2,206,0.0,0.33191413872627284
223,45,0,113547.74906627601,0.49236842105263157
0,2,208,0.0,0.34368111682586333
13,21,0,20235.093263476938,0.41476391044114386
0,4,210,0.0,0.36443319049474093
4,2,0,17.563582964218668,0.3391950688905004
9,7,0,57.605500464243946,0.34660985550203777
178,49,0,68338.12436790242,0.4684526790185278
1,6,0,7.0911916279822265,0.3671507064364207
0,5,215,0.0,0.3722642260246717
4,5,0,2360.7361104164343,0.33572582092230396
0,1,217,0.0,0.2388917262512768
1,15,0,1834.1685972101131,0.3913407236979711
8,15,0,3825.2562316954945,0.37721774193548385
0,5,220,0.0,0.38144750254841997
3,2,0,118.96180281511307,0.32612863866132125
16,27,0,6474.066881113071,0.4076252723311547
50,6,0,5877.870107457898,0.4048907162951742
0,1,224,0.0,0.2482090740249403
1,7,0,21.041850559942503,0.3507029053420806
2,2,0,48.52578355078862,0.32945941186828664
1,4,0,17.538913197225426,0.3678725914274479
0,5,228,0.0,0.35583872194750854
4,5,0,1518.4297377041553,0.313242926502595
3,4,0,3304.694446135084,0.3047727642938589
5,2,0,104.07440544657666,0.32624237140366175
38,16,0,4601.692966196288,0.4051537462104807
2,10,0,72.73021982792302,0.39011676396997497
7,8,0,368.2986097964473,0.39970091860713525
2,11,0,535.6815897157031,0.3957275803722504
12,2,0,2012.7805623692552,0.3438706120198493
1,11,0,1855.4394226182799,0.3922431865828092
1,5,0,13.076381170923089,0.3411743253099927
0,1,239,0.0,0.3044256426944354
18,9,0,2805.0102803167883,0.3794362198337051
11,8,0,1290.5643747808042,0.35288570350811016
3,0,242,0.0,0.31674284746910447
0,2,243,0.0,0.33809179616913626
0,3,244,0.0,0.3452029520295203
4,7,0,203.97857929806497,0.3769897239572839
0,3,246,0.0,0.3409877893202114
39,21,0,22953.143029419396,0.41421297321230904
0,10,248,0.0,0.35856650057493294
2,10,0,754.3041983986088,0.3773699072206535
37,21,0,25471.491984431854,0.41688948306595364
0,5,251,0.0,0.3537530724144451
0,1,252,0.0,0.2942749292230261
0,0,253,0.0,0.0
71,28,0,46261.328759665055,0.43848136864307474
0,0,255,0.0,0.0
13,15,0,4222.030243815304,0.38737060041407867
5,5,0,341.47286424554244,0.32974973563623544
0,0,258,0.0,0.0
11,7,0,6844.871407283338,0.3462890986488988
0,0,260,0.0,0.0
0,1,261,0.0,1.0
1,18,0,35.6371911753394,0.4061211200347298
2,12,0,1900.4361874128965,0.37928238394486113
1,2,264,8.695928663922647,0.30507092776781347
0,10,265,0.0,0.3924077181208054
2,2,0,11.312395453516736,0.3315024805102764
38,12,0,5952.41668291983,0.3956438993444703
9,10,0,831.8179603644694,0.3898728901854553
1,1,0,1.663120537011666,0.3130332942947967
10,11,0,5698.970630295593,0.3796672077922078
5,12,0,3967.3246650801952,0.37691377921031427
2,5,0,51.574707353136425,0.3177109865851588
1,10,0,4.2117500537877435,0.3706418383518225
61,5,0,8347.95275075564,0.4066507281025864
11,15,0,4287.434016013395,0.38418891170431213
19,3,0,328.69857890936146,0.365858427845131
0,3,277,0.0,0.3505058074185088
0,3,278,0.0,0.3650731707317073
1,3,279,58.87168626036079,0.35570342205323197
8,7,0,3208.102646662991,0.36736697427842135
170,38,0,60118.1696208202,0.46038385826771655
1,1,0,0.0,0.31530165149983147
0,2,283,0.0,0.33542488347077803
12,29,0,13850.327657348307,0.4263901549680948
217,28,0,60079.45620211881,0.4649602385685885
2,1,0,4.76157466993613,0.2948313898518752
0,6,287,0.0,0.3704950495049505
6,7,0,157.60863603919083,0.34590497319282676
0,3,289,0.0,0.3332146037399822
5,3,0,141.04523993861352,0.31240607780931706
17,19,0,7330.307832984559,0.38881961762261014
1,1,0,38.822584276974546,0.3220864176278189
5,24,0,3988.111253425142,0.4196008073559094
5,3,0,132.23421273594622,0.3083388266315096
19,18,0,9034.380985821177,0.4021061680636149
0,1,296,0.0,0.6666666666666666
0,26,297,0.0,0.4196949304620906
1,10,0,13.334428283966005,0.3935633151030711
7,11,0,590.0183876614459,0.3805939788445891
0,5,300,0.0,0.3645041885836743
0,2,301,0.0,0.32164345882757434
0,4,302,0.0,0.3578122011856952
1,1,0,0.0,0.27486411047451154
1,3,0,1.232905516416684,0.3492626470039201
1,4,0,0.0,0.3462890986488988
0,3,306,0.0,0.35529813900493734
0,0,307,0.0,0.0
1,1,0,0.0,0.27502572394531827
1,0,309,0.0,0.27896227821678843
22,17,0,19576.878641967865,0.4152241455836662
15,11,0,3448.824786992633,0.3848210612916495
2,1,0,1791.190099221247,0.3168501270110076
1,0,313,0.0,0.6666666666666666
1,1,314,1.0,1.0
3,0,315,0.0,0.2922980784252461
1,3,0,3203.0,0.2928012519561815
134,43,0,67107.33771828974,0.45269779820953304
1,16,0,36.46369605717761,0.3997863247863248
3,22,0,4363.780886926942,0.39850905218317356
274,32,0,100482.4387264652,0.5036339165545087
1,4,321,5.640666150218189,0.3653583284514743
1,4,0,94.34131956045404,0.33901069034245335
3,6,0,70.81779167812078,0.3758537565287264
2,11,0,204.38660470455272,0.3519563581640331
6,6,0,998.7001201280916,0.3530188679245283
0,19,326,0.0,0.4121145374449339
14,13,0,1931.8438261268725,0.4013299013299013
42,19,0,34666.9957681994,0.4196949304620906
1,0,329,0.0,0.2904828442788387
1,9,330,32.004989423538646,0.3935633151030711
7,28,0,5744.189394377981,0.4290300389818849
1,2,0,1683.6265996407324,0.3501778027325473
1,4,0,47.88339250437518,0.34919746173945504
1,3,334,26.675687302077616,0.32021221975012837
36,102,0,61460.994591332106,0.4760814249363868
10,25,0,4698.606794615355,0.4243592651394874
2,6,0,33.465469069927785,0.36635989817897
14,12,0,393.91733734110073,0.3636540330417881
0,0,339,0.0,0.0
20,17,0,2965.0462335410252,0.40833697075512876
1,1,0,0.0,0.25996943170765596
70,22,0,14772.50323461863,0.43684333411160403
98,19,0,27547.89601372646,0.4427354472314245
13,11,0,7070.3527337356745,0.39987176747168196
2,8,0,1890.541223595652,0.3676557280408725
4,7,0,242.523283498786,0.3550284629981025
0,5,347,0.0,0.3459689349112426
0,2,348,0.0,0.3491323008023885
13,10,0,3105.1957763194246,0.3683070866141732
0,12,350,0.0,0.36939782823297135
4,22,0,287.01611037844964,0.4185682326621924
9,8,0,794.3895935728555,0.3384587554269175
3,5,0,172.5401240625836,0.3565167682926829
1,8,0,39.02955834223967,0.32899595568841217
1,7,0,1.3190293801277784,0.30090061112898037
6,6,0,761.7306883150356,0.3789750860846668
4,6,0,322.74843295633053,0.36168567562342935
3,8,0,1659.394354467763,0.38246116107931316
168,73,0,99786.43827463343,0.4868592245641426
13,14,0,1293.3325245701874,0.3992744344857021
6,3,0,871.5703074893205,0.3218094255245958
6,9,0,3281.8304112188125,0.3727091633466135
0,0,363,0.0,0.0
8,26,0,8595.134750960971,0.41057713407943824
4,1,365,37.38126670211751,0.3229202623403521
0,0,366,0.0,0.0
0,2,367,0.0,0.33470483005366725
1,4,0,5.800790136000007,0.3428623785962983
3,4,0,33.19305100488725,0.3277855641205326
0,11,370,0.0,0.39019812304483836
0,11,371,0.0,0.3653583284514743
0,4,372,0.0,0.31126268507735816
2,3,0,43.76922332814265,0.33681368136813683
0,3,374,0.0,0.30383241312114323
2,6,0,7.393527088869577,0.36372472783825816
0,5,376,0.0,0.3510977669356352
3,7,0,129.18530222885636,0.3906054279749478
1,5,0,41.32563682009761,0.35462471569370735
2,14,0,716.458570970313,0.3540878122634368
1,24,0,1096.0505189533903,0.41661099977733246
5,14,0,6419.70091055065,0.3880937564820577
17,25,0,1249.5903280663078,0.41931869116987897
3,9,0,4630.484640961002,0.36443319049474093
5,12,0,152.10796411409316,0.3904424040066778
123,72,0,79031.35060709325,0.4745117930509764
60,42,0,30089.144660022703,0.44002822201317027
4,11,0,9065.518960204476,0.3693249111725227
0,0,388,0.0,0.0
32,11,0,7854.303475396742,0.3768378650553877
1,3,0,20.40639766378447,0.3350044762757386
8,10,0,1467.9781131165012,0.3664316490403447
1,0,392,0.0,0.3069225721784777
1,3,393,4.2950173306857184,0.32431963945224473
5,7,0,722.3005118666417,0.3578122011856952
0,1,395,0.0,0.3044256426944354
1,2,0,3.5934501126190073,0.3079835390946502
3,3,0,1481.767135236454,0.35381996974281393
1,6,0,0.0,0.3710829036096787
91,20,0,31048.022894664682,0.4381733021077283
0,1,400,0.0,0.3047231270358306
1,0,401,0.0,0.3047231270358306
1,3,0,43.89120205980265,0.3189566996249574
1,5,0,37.00976436216898,0.3257879157234895
2,3,0,0.0,0.3819146764645846
6,27,0,1804.1367190658002,0.42755941499085925
5,4,0,8530.444842281378,0.310333388621662
2,1,0,0.0,0.23816191446028515
1,1,0,0.0,0.23686542600329155
170,44,0,75558.04018174075,0.476445123503947
0,3,410,0.0,0.3306822198656769
0,5,411,0.0,0.35644884739950466
100,37,0,33856.33343564083,0.4561189663578742
7,13,0,1632.2218919807772,0.4008999357188772
0,4,414,0.0,0.37397561463122125
0,3,415,0.0,0.35103189493433395
2,6,0,11.75961108665873,0.37145126067103434
3,18,0,1521.3318431172147,0.37882162381048795
29,14,0,5390.028928219122,0.4067391304347826
84,18,0,15049.36964807769,0.4397179788484136
2,5,0,117.18276790860011,0.33488455342759976
4,4,0,80.75199711866398,0.36722276741903825
10,13,0,1019.357390494906,0.3652156939293383
1,6,393,98.40861993262227,0.34757570128181314
1,4,0,23.063757038953636,0.3303902525163341
0,5,425,0.0,0.31695747924784007
0,3,426,0.0,0.34148567256798684
2,4,0,42.51444950839778,0.3527526395173454
16,16,0,11749.85821790125,0.3623862095680806
0,2,429,0.0,0.3248263888888889
2,7,0,56.940646255388934,0.3609878448774841
3,1,0,0.0,0.32477000520742927
4,19,0,767.5787183321936,0.4178204555605181
0,0,433,0.0,0.0
19,22,0,12545.501469159026,0.4000427624545649
8,1,0,46.349633548683975,0.3223083548664944
0,16,436,0.0,0.38737060041407867
0,5,437,0.0,0.3617556071152359
7,12,0,923.6026282974939,0.3773699072206535
1,11,0,65.0074748872571,0.3964823055732147
8,53,0,9755.408829719348,0.44013173370971537
11,6,0,1300.1141046423309,0.3693249111725227
1,4,442,33.74009205339527,0.3542889604241621
1,9,0,57.93454801853961,0.351295531355614
7,16,0,5591.404197001832,0.3949757230314545
1,7,0,74.69518194407262,0.3707152764018229
7,8,0,2095.4631964955697,0.35116366366366364
5,14,0,4754.284924365836,0.3945592576971742
7,20,0,5359.06572188025,0.38490022629088666
1,5,0,0.0,0.33470483005366725
15,13,0,3942.153213013902,0.35918602418890383
1,3,0,4.173747653312871,0.32824561403508773
10,12,0,1553.829760152658,0.369689784627544
2,14,0,4137.019122265112,0.4101271372205173
7,15,0,4398.279184734957,0.3948090314412323
1,6,0,9.403642848980681,0.35024335454885813
0,8,456,0.0,0.369689784627544
8,3,0,1122.698102244084,0.3230875496460024
6,12,0,4940.247873639538,0.35235404896421846
2,1,0,0.0,0.25335138794854434
3,8,0,150.36454823771618,0.36001539349624784
3,8,0,79.8469985405005,0.3614760432766615
4,15,0,2317.2911818789885,0.38371616078753074
0,1,463,0.0,0.29293878190073586
2,2,0,15.762119747609873,0.3040793109052495
1,11,0,37.986825150499726,0.36379545012638537
1,0,466,0.0,0.2759994099424694
0,1,467,0.0,0.3174414658975229
2,5,0,1218.3297137598986,0.36414947450369795
0,1,469,0.0,0.32415107415107414
4,12,0,227.70905511598707,0.38497942386831274
1,8,0,133.74592949115427,0.3792055127685448
0,6,472,0.0,0.3685247193224345
0,3,473,0.0,0.3166892349356804
2,2,0,58.15761456189398,0.36036209553158705
5,10,0,1232.163615595045,0.3754012841091493
1,14,0,2127.091133151292,0.38168094655242757
1,1,0,0.0,0.24748677248677248
4,8,0,2214.840713654515,0.34861188746040617
1,2,0,1.692086750042489,0.3454579025110783
4,16,0,551.0146971048598,0.40115780445969124
0,48,481,0.0,0.4533559486309668
6,6,0,269.0730875406908,0.38074888074888075
1,3,0,17.548030756982907,0.32303176795580113
3,14,0,352.92634867888734,0.3731551655364978
4,9,0,148.66516284430458,0.36845214651437574
7,17,0,5113.180424022478,0.38569367140795713
0,10,487,0.0,0.3763830215248441
9,13,0,2224.4610430532757,0.3692520228932307
1,7,0,1787.4321380790043,0.35348573587757415
5,9,0,320.3747805126282,0.3567206863679695
29,4,0,5917.23962633694,0.3811366877164392
1,6,0,21.082773342501444,0.3795131845841785
9,11,0,2709.4373604206567,0.39036094304193614
10,14,0,6282.896817257869,0.3980851063829787
2,2,0,292.21369787381354,0.3344654987486593
8,3,0,677.8443830867783,0.3398728428701181
10,9,0,873.718681337348,0.3974086661002549
5,2,0,34.47225950952965,0.33681368136813683
20,8,0,965.5584200636654,0.38418891170431213
0,3,500,0.0,0.3483522621485757
15,13,0,8110.193799889016,0.3919966478106013
32,15,0,8978.788329546216,0.3497196261682243
0,2,503,0.0,0.3363897878460985
2,2,1598,3.25,0.22898054093746176
7,10,0,3761.5294147101413,0.3721901730654466
10,5,0,734.7752426762452,0.3647884577890427
1,1,0,10.886631478833566,0.3180890853451207
4,12,0,3678.317418539579,0.40550498482878194
2,6,0,34.01216661707536,0.37721774193548385
1,2,0,53.64944621980074,0.3169037940379404
185,29,0,55713.64534072301,0.47021864790148277
15,13,0,13926.9045850423,0.36743912018853103
4,3,0,1758.7319842906004,0.33524457982440425
2,36,0,236.74751485782843,0.42853870819972517
2,4,0,798.5969417578066,0.3284761235955056
60,32,0,41183.47493145032,0.45500972762645914
1,11,0,62.58285439186721,0.3992744344857021
11,35,0,7097.7177325435905,0.44013173370971537
1,6,32,27.202849640785242,0.3683070866141732
0,8,520,0.0,0.35733384262796025
1,2,0,1.6428942210922188,0.3365107913669065
6,3,0,1574.4994224468348,0.3567206863679695
5,4,0,417.9676505572563,0.34136106549899653
0,0,524,0.0,0.0
0,8,525,0.0,0.3910135841170324
4,7,0,283.9500547750128,0.395978835978836
8,45,0,7500.8636705657245,0.4433649289099526
4,12,0,4399.849212186482,0.36707867372964487
1,2,0,282.9318612121779,0.33614804168163853
6,12,0,3327.127962763815,0.38490022629088666
2,6,0,377.90199150398234,0.3692520228932307
0,19,532,0.0,0.41366349767853194
4,12,0,876.9235779498226,0.37159880834160874
0,3,534,0.0,0.30056224899598394
0,6,535,0.0,0.3406773488710852
2,17,0,332.50244247774754,0.41256890848952593
6,6,0,1514.1871512292687,0.36344211344211347
1,1,0,1.9993386243386244,0.2918421463110279
3,3,0,7.022254116954761,0.3273840769903762
0,3,540,0.0,0.3635833657209483
0,1,541,0.0,0.3260718020216103
0,5,542,0.0,0.3360876594215915
3,8,0,817.0772064791228,0.3958950486669488
2,6,0,20.546511493559635,0.3441235975721905
1,1,545,9.312754323924114,0.297361729179911
0,4,546,0.0,0.30946080052927555
1,4,0,0.0,0.37390087929656274
0,1,548,0.0,0.2842601033120632
4,7,0,425.18064960348795,0.37012858555885264
4,3,0,146.09521149249102,0.338581252262034
4,4,0,3288.0135279022115,0.35136150234741786
1,1,0,0.0,0.26004169562195967
29,28,0,12654.829330937537,0.4090511587232182
5,12,0,181.21957444623848,0.3930672268907563
2,5,0,16.824954881866887,0.37390087929656274
4,6,0,3959.383376043362,0.31658206429780034
3,27,0,15010.439375420623,0.41393805309734516
57,21,0,14279.177443557744,0.42853870819972517
4,9,0,102.60627670090062,0.3769897239572839
1,0,560,0.0,0.26766809728183116
2,9,561,212.47819649216973,0.3936461182411109
5,8,0,22.325974773036947,0.31162558294470355
2,6,0,2738.342892391128,0.34501198598561683
4,24,0,1207.869258749089,0.41375497567448033
1,24,0,305.5714349739058,0.4233989590405069
1,8,0,11.261656222840685,0.3752507019655034
2,21,0,675.1758945071878,0.41772717124358116
0,3,568,0.0,0.3780561729642352
19,29,0,2753.8182201729187,0.40236559139784944
3,9,0,1298.6266449376958,0.38585275314497836
11,62,0,6167.421024545867,0.45269779820953304
0,4,572,0.0,0.34148567256798684
0,4,573,0.0,0.3519563581640331
1,3,574,55.57687436451384,0.3464173301240511
9,22,0,17274.172591987586,0.4232074191359421
6,2,0,141.8907000335687,0.30946080052927555
16,27,0,14264.036265406798,0.414029652578004
1,18,0,907.8215269061988,0.36330097087378643
1,8,579,121.06504697367984,0.35368620037807186
9,5,0,1965.1601382653748,0.3186307901907357
0,2,581,0.0,0.3429880843263061
63,38,0,36809.945905976674,0.44986775667227696
1,3,583,36.80449557471451,0.3597385118246491
0,5,584,0.0,0.35644884739950466
11,12,0,646.8184137056348,0.35953112990007685
1,6,586,1.0,0.35726561008210805
6,9,587,775.9500707612428,0.3769897239572839
0,4,588,0.0,0.3543560606060606
0,6,589,0.0,0.3567206863679695
0,5,590,0.0,0.35442318620950936
0,4,591,0.0,0.3540878122634368
0,24,592,0.0,0.41810055865921786
0,6,593,0.0,0.3559741248097412
2,0,594,0.0,0.3123539232053422
1,3,0,11.343369562811311,0.3561774224252808
1,1,0,0.0,0.3469312071203412
1,0,597,0.0,0.2958102766798419
2,0,598,0.0,0.32131203846814355
5,7,0,153.71732056892998,0.3775221953188055
1,1,0,0.0,0.23016361176036412
0,4,601,0.0,0.3614760432766615
0,2,602,0.0,0.33742110009017134
29,12,0,3463.53643479564,0.3964823055732147
3,9,0,362.31483457014536,0.36252664212361946
23,12,0,4779.467685099494,0.40392918825561314
3,6,0,85.29109724897613,0.3446941783345615
7,15,0,582.8720832935652,0.41111843550867944
2,25,0,75.19763230342373,0.4038420030218001
17,4,0,1827.122187488778,0.34744661095636026
5,5,0,271.4317567929387,0.3325630998933523
4,2,0,42.92292627402385,0.3497850065432791
1,8,0,1.463490488006617,0.38737060041407867
1,23,0,228.4510701933307,0.3522213855421687
5,8,0,93.4457534135408,0.33464496512251835
1,2,0,74.64775192828307,0.35563581068237976
0,3,616,0.0,0.3528191589666227
0,4,617,0.0,0.3629485935984481
90,29,0,23444.9487048485,0.4566756163046131
3,3,0,136.874060052632,0.34399705828277255
3,5,0,7274.493328508775,0.35925499231950847
0,9,621,0.0,0.36671893375147
8,7,0,1255.991034975313,0.35925499231950847
2,2,0,0.0,0.3468025949953661
1,7,0,7.9496069221032055,0.3819146764645846
4,31,0,3114.2311584421163,0.4250340754202635
7,7,0,4132.065491607056,0.3682345994882897
2,4,0,260.78606660958974,0.31110741602926506
2,20,0,210.29041411326563,0.3780561729642352
0,1,629,0.0,0.24788023317435082
0,2,630,0.0,0.34900205185599703
1,1,631,0.0,0.2851264858274916
7,15,0,3440.2945397738636,0.39723991507431
0,3,633,0.0,0.314242526032919
0,3,634,0.0,0.3602233346168656
52,28,0,21578.526449880585,0.4240707162284678
0,1,636,0.0,0.32998236331569664
1,1,0,0.0,0.30343820953616607
3,8,0,1552.8722208282734,0.3665034280117532
13,7,0,643.4007526088383,0.381758824729647
3,5,0,1677.7480081934123,0.38144750254841997
1,13,0,1836.6754186560017,0.3932324506094998
2,2,0,1418.992480588727,0.35096604764584505
0,11,643,0.0,0.3974930953898449
0,2,644,0.0,0.30864401187726825
1,9,645,71.54770944909527,0.3831660864222814
53,33,0,19593.729151237065,0.44792913574335647
0,2,647,0.0,0.3468668891360771
4,3,0,1912.0736942463845,0.3602233346168656
0,17,649,0.0,0.3671507064364207
19,1,650,1268.6286885104455,0.3497850065432791
3,8,0,435.83540022816635,0.3685973207249803
17,28,0,10063.518019259216,0.4464328322596039
1,10,0,20.151628632114857,0.3939776795114761
7,12,0,4242.509400326073,0.3776746063786839
7,5,0,443.22360360774167,0.3468025949953661
0,0,656,0.0,0.0
10,11,0,5391.957597578028,0.37256073277578655
2,6,0,30.823210969720115,0.36330097087378643
2,1,0,0.0,0.31631445477599324
4,9,0,28.552585010025577,0.35288570350811016
0,2,661,0.0,0.3230875496460024
0,12,662,0.0,0.40445309122351925
1,5,0,164.07421069803814,0.379128672745694
1,4,0,2.817194018235974,0.3571974035891562
2,4,0,1429.0072633994937,0.33736025964659216
4,15,0,1519.1428894537764,0.40064239828693793
0,2,667,0.0,0.36693469307707394
0,5,668,0.0,0.3311504424778761
0,0,669,0.0,0.0
2,2,0,3214.1486492128274,0.32015742642026007
5,0,671,0.0,0.32669809673476513
10,13,0,8632.787545139437,0.33681368136813683
4,8,0,5879.299475273875,0.29892954146029715
2,4,0,58.35032331397446,0.3460329202885149
1,4,0,9.542478741765349,0.37027508410845045
1,1,676,300.7487061509618,0.3189023350945969
3,7,0,109.01438165666733,0.3699822028870872
12,15,0,3207.976609211821,0.3921609725424439
0,1,679,0.0,0.2704538884070541
0,0,680,0.0,0.0
0,0,681,0.0,0.0
7,36,0,4312.186346531886,0.43390538033395176
0,2,683,0.0,0.3260149851890573
2,14,0,3424.8846819017676,0.3789750860846668
1,11,0,1819.9211395572884,0.37167262614223284
9,41,0,5191.498764994119,0.426779197080292
19,49,0,7825.846996079286,0.44728663638536936
6,16,0,465.9387786408373,0.3744995996797438
1,21,689,30.42272169996592,0.42244298938812375
7,10,0,4281.404032493128,0.39019812304483836
65,28,0,18151.747395670343,0.42101710171017104
3,14,0,3984.6042141502817,0.3904424040066778
4,6,0,77.3562576969161,0.3515595640736565
1,5,0,25.20932521007092,0.33925657298277423
24,10,0,3486.6802310968496,0.37820901556498887
3,13,0,161.725843345736,0.39314982139104854
0,5,697,0.0,0.36133642332947086
0,22,698,0.0,0.3699822028870872
13,3,0,120.88285774409196,0.35516324981017466
20,31,0,13038.317757479728,0.4274617317797578
2,2,0,36.673431915967186,0.2922980784252461
2,0,702,0.0,0.3007555055457322
1,6,0,476.61700417764706,0.355771059136718
6,3,0,117.89936144023743,0.35980769230769233
1,6,72,6.970995455299564,0.35897927858787415
5,20,0,8562.380764107003,0.4056808326105811
0,3,707,0.0,0.3161541061169314
0,3,708,0.0,0.331033262561925
2,3,0,57.73596269137842,0.3617556071152359
5,18,0,10247.137228552312,0.3759292746634519
2,5,0,1785.345072151451,0.3393796481044803
0,1,712,0.0,0.34893696381947037
11,9,0,5640.309152332376,0.35235404896421846
1,11,0,173.5199342870203,0.38793282189508604
0,0,715,0.0,0.0
0,3,716,0.0,0.3779034538477075
0,0,717,0.0,0.0
3,5,0,278.62055839276945,0.3483522621485757
1,2,0,4257.0,0.37056842939195883
2,4,0,264.7259645514566,0.3519563581640331
0,7,721,0.0,0.35966935793925414
0,0,722,0.0,0.0
10,13,0,6707.120593247469,0.4055928896596575
1,24,0,27.842120631729458,0.4220618091585834
1,3,0,1.4797400383078134,0.33962606643673987
7,5,0,4159.294991234223,0.33717786988646603
1,10,0,383.0888467663468,0.37174647327637594
1,8,0,2.514463723488177,0.3653583284514743
2,1,0,1376.4589955083495,0.35024335454885813
1,1,0,0.0,0.2946920774925185
1,0,731,0.0,0.3081357048748353
1,3,732,2.4394420640914327,0.31366303436714166
1,6,0,106.30879331931428,0.3326813655761024
0,1,734,0.0,0.28824526267139117
0,6,735,0.0,0.34822259445375026
2,5,0,2.414285714285714,0.2958570524984187
4,11,0,2911.8125723541607,0.34223522955917324
0,0,738,0.0,0.0
2,2,0,43.31701881490583,0.3206512425021422
4,7,0,134.7349477957097,0.3727091633466135
9,6,0,1189.1589554315292,0.33614804168163853
3,2,0,13.687675148532936,0.35788064269319053
0,0,743,0.0,0.0
0,0,744,0.0,0.0
3,6,0,665.0219249367989,0.3868100062021914
3,3,0,0.8095238095238095,0.29511041009463723
0,7,747,0.0,0.37382617382617384
0,1,748,0.0,0.2968898762297683
0,4,749,0.0,0.3578122011856952
3,7,0,69.906107408619,0.37759838546922303
1,3,0,91.3920261743275,0.2913876343248715
0,4,752,0.0,0.34822259445375026
0,0,753,0.0,0.0
0,13,754,0.0,0.40366774541531825
0,2,755,0.0,0.31038487060384873
3,11,0,163.74347753883893,0.3588415803605677
9,12,0,290.52505885195717,0.35891041626702475
3,3,0,73.87562402994158,0.31873935264054515
0,0,759,0.0,0.0
51,29,0,27444.946813489074,0.4345099860659545
6,2,0,1466.2841958552306,0.3452029520295203
1,0,762,0.0,0.25957269700332963
1,1,0,0.5,0.2856924721331501
1,3,0,74.60052873703496,0.3387651638602209
1,3,0,2045.6020163525884,0.326755151938526
0,2,766,0.0,0.34073939173192497
7,11,0,548.8886227522449,0.4002139037433155
0,2,768,0.0,0.36036209553158705
7,10,0,410.5525913121238,0.3754012841091493
1,3,0,1.0272058944639588,0.29821485495696526
10,9,0,2296.149314609968,0.379128672745694
2,5,0,13.633159854012632,0.35563581068237976
381,39,0,105009.58815133135,0.5041767717596335
2,6,0,9.207083371575946,0.37174647327637594
2,4,0,57.11872386637465,0.3578122011856952
16,15,0,4256.91135329597,0.4030590262817751
5,20,0,805.7538084832765,0.4019334049409237
5,6,0,5490.737415849507,0.3208712056251072
1,6,0,191.5857741252274,0.38585275314497836
1,24,0,2221.967247823799,0.41988330341113106
0,1,781,0.0,0.23053228191227207
8,10,0,957.3581168806107,0.3945592576971742
4,3,0,1738.4656750956563,0.2995517130963817
4,8,0,540.4036709111289,0.362175764614789
141,10,0,21798.749579346186,0.42187147688838783
1,5,0,1815.720374975439,0.35235404896421846
1,4,0,14.957878495207108,0.34242313323572476
1,1,0,1.5573951937807193,0.30752794214332674
1,15,0,3677.4740101742805,0.3909318846636022
3,6,0,1944.6447634199733,0.3343459614010007
1,9,0,3653.9443075923405,0.38277414075286414
1,1,0,0.0,0.24254602022297123
0,2,793,0.0,0.3399345930232558
1,0,794,0.0,0.2928012519561815
59,31,0,43323.974242547956,0.41393805309734516
1,2,0,0.0,0.26663816445774546
0,12,797,0.0,0.3889004364996882
1,8,0,26.960043287068167,0.38098147016900835
2,16,0,130.0790546094943,0.3964823055732147
2,6,0,2172.4641162052885,0.37479967948717946
1,9,801,128.87933873356525,0.3910953177257525
0,1,802,0.0,0.26743853630646086
6,8,0,4699.63878135783,0.3775221953188055
0,4,804,0.0,0.35678871090770403
6,8,0,338.30155289270056,0.36422036207903447
0,12,806,0.0,0.37248656181564804
2,4,0,31.59776295312952,0.3526196758386732
38,9,0,2418.4136196171135,0.4021061680636149
1,1,0,22.049938449842074,0.3333333333333333
2,2,0,6.646451013898828,0.3072249589490969
0,0,811,0.0,0.0
0,0,812,0.0,0.0
3,17,0,1937.5631826853908,0.39257238774653797
20,15,0,2419.834523450901,0.3880132725010369
0,0,815,0.0,0.0
3,6,0,144.43376971568975,0.3607790204396452
1,3,0,118.38022256096822,0.30915399867812293
0,8,818,0.0,0.3983393655524803
1,5,819,23.15366969537524,0.3526861451460886
1,5,820,24.030137701373157,0.35096604764584505
0,8,821,0.0,0.37167262614223284
8,26,0,1180.8436378890447,0.42007184553210597
0,2,823,0.0,0.3214776632302406
1,7,0,3701.9423882678175,0.34104994531534816
8,11,0,974.2826243499603,0.3411121239744758
1,2,0,1784.0,0.3213672277567846
5,2,0,1790.6971678160503,0.3312677053824363
1,2,0,0.0,0.2976455615653834
1,8,0,97.78451487449406,0.3662881754111198
1,16,0,46.55654036351377,0.4008140531276778
0,1,831,0.0,0.32415107415107414
2,0,832,0.0,0.3471243042671614
8,16,0,4618.947575249649,0.38230486309767064
1,4,834,40.10172750972734,0.3578122011856952
1,4,0,55.80595735440828,0.3494583488980202
2,1,0,13.188470059145306,0.2767751479289941
3,2,0,46.716320658843536,0.3356655902404019
0,11,838,0.0,0.3937289562289562
0,6,839,0.0,0.3868100062021914
0,1,840,0.0,0.3468668891360771
1,6,442,27.413335977156095,0.3635127258597241
25,65,0,40246.07918726873,0.4641528156784917
0,1,843,0.0,0.3071240971766251
0,6,844,0.0,0.3363897878460985
1,8,0,43.42362214100831,0.33790861477334294
1,10,0,72.5016086081025,0.33723864455659697
2,1,0,2.1577483162849016,0.2692861255037421
13,0,848,0.0,0.3656439319914012
1,1,0,0.0,0.2682052752293578
3,3,0,395.3301042863656,0.2980248486779229
7,11,0,2429.4293370052383,0.35760703363914376
1,5,0,1.3635700036477632,0.3892240482629499
3,4,0,1806.0386330526312,0.35712922313418594
3,4,0,7256.053149341269,0.36414947450369795
0,10,855,0.0,0.3384587554269175
3,7,0,3304.357394615046,0.35733384262796025
2,5,0,713.3561188887354,0.3527526395173454
27,9,0,2749.3100684732503,0.4185682326621924
0,13,859,0.0,0.40923009623797024
12,5,0,261.97402819532493,0.3612666537941688
2,3,0,62.721510246642964,0.35208882197967634
2,3,0,1883.3850505481973,0.3307406752695775
28,17,0,11192.126795881299,0.3949757230314545
1,2,0,0.0,0.27498530276308053
8,25,0,1989.0626607747029,0.42561419472247497
1,4,0,39.427981352251095,0.3804392029280195
52,20,0,15117.210462283992,0.4037548554164868
11,15,0,5488.563011012346,0.39800042544139547
1,14,0,1799.8503042999598,0.40931962371472325
0,17,870,0.0,0.40419096997191617
0,11,871,0.0,0.4034936381281001
7,11,0,2280.2105068942333,0.38261758691206543
1,11,0,77.89300357098769,0.3868899917287014
12,2,0,1948.1846719307434,0.35063718140929534
1,0,875,0.0,0.25964474049403274
1,5,0,10.876745623885512,0.3607094659726239
2,4,0,4.309800660330275,0.34192251461988304
0,11,878,0.0,0.3721901730654466
0,3,879,0.0,0.3190654843110505
1,4,880,0.0,0.30279980579381777
0,2,881,0.0,0.29216114928169895
3,3,0,88.13069261714402,0.3083388266315096
1,4,883,13.082939216277602,0.3409877893202114
4,2,0,4.356043956043956,0.30235940530058175
3,7,0,420.51895518235256,0.3654296875
11,10,0,6770.857037950736,0.39273719563392107
1,2,0,9.845901283868518,0.33518452167681834
2,1,0,0.0,0.2825857121280773
127,45,0,92584.01234300646,0.46763309172706824
1,4,0,5.492375559913062,0.35911708253358926
0,3,891,0.0,0.3274413720686034
1,1,0,0.0,0.25215633423180595
8,17,0,4540.57457715409,0.37115651656417376
2,3,0,28.229244114202228,0.3340474915193715
1,2,0,0.0,0.33345214756727853
0,0,896,0.0,0.0
1,15,897,141.1108321709747,0.4051537462104807
2,2,0,1025.366538798049,0.3411121239744758
1,14,899,338.7307303332513,0.39472573839662445
1,0,900,0.0,0.30104585679806917
16,5,0,1641.5177432211929,0.3755519871537535
5,0,902,0.0,0.3138208654813821
12,4,0,679.0228177538224,0.3542889604241621
10,0,904,0.0,0.36182556565461227
5,9,0,1768.6376931687666,0.37086223984142713
2,3,906,1432.9414349726007,0.3113662839074721
7,4,0,128.2225941352211,0.34867685426761086
2,7,0,68.57704028247251,0.3662164807202975
0,1,909,0.0,0.2956700379266751
4,10,0,2213.4013542605576,0.37397561463122125
1,6,897,2.684753533597347,0.3560418648905804
2,7,0,128.29298083906858,0.3657154026583268
4,4,0,235.59240994404647,0.36287820015515904
5,6,0,10451.751258302551,0.3399963656187534
4,4,0,201.99247174595627,0.34952363160844385
1,1,0,0.0,0.28000598623166717
5,10,0,603.2115680245936,0.34552169898430285
1,0,918,0.0,0.24534487280356673
1,8,0,1794.0349299473248,0.35747038593809705
0,0,920,0.0,0.0
3,3,0,322.50401593206885,0.33327395796223724
1,1,0,8.430173898523984,0.29216114928169895
31,36,0,15256.990510567766,0.4071817192600653
4,6,0,206.719857180983,0.3387651638602209
0,0,925,0.0,0.0
4,13,0,2678.2255371604397,0.3906054279749478
29,23,0,10648.370473904093,0.42215703971119134
0,2,928,0.0,0.3614062198184277
8,19,0,3219.389171336693,0.41763392857142856
0,0,930,0.0,0.0
3,2,0,9.599740360002842,0.32899595568841217
62,24,0,18928.186565386273,0.4287351054078827
0,3,933,0.0,0.32715509704493795
4,5,0,148.76497781800373,0.3526196758386732
0,1,935,0.0,0.3062694385333115
2,2,0,134.96030368096476,0.3112109115103127
1,0,937,0.0,0.25753613214039917
7,8,0,5537.6267881607055,0.36772798742138363
5,6,0,2006.6300415856135,0.3235904531304047
1,0,940,0.0,0.23791963377416073
2,1,0,2.9764818234383448,0.27226426076833526
1,0,942,0.0,0.23791963377416073
2,4,0,37.78683783228729,0.3141897565071369
1,9,0,283.4137016351071,0.37997562956945574
3,5,0,1854.3394131497516,0.3611969111969112
4,2,0,6.559570128462646,0.3190654843110505
1,5,0,53.00904106159599,0.3713038301250248
2,4,0,146.25271658968504,0.3224194382216095
2,1,0,0.0,0.3064701064701065
0,6,950,0.0,0.3519563581640331
0,2,951,0.0,0.31988374081039495
1,0,952,0.0,0.23791963377416073
1,0,953,0.0,0.23791963377416073
1,1,0,0.0,0.30682190882256477
1,11,0,1736.305246835818,0.3328589219000178
2,4,0,62.95362499385067,0.35308548782789206
0,2,957,0.0,0.3167964781578056
1,5,0,1426.4922353914526,0.32669809673476513
2,2,0,0.0,0.31873935264054515
3,0,960,0.0,0.3100248550124275
2,2,961,0.0,0.3063697396430326
1,9,961,114.71081887688277,0.3395644283121597
3,0,963,0.0,0.3078821787065987
1,1,0,0.0,0.30682190882256477
1,0,965,0.0,0.28460602372984484
2,2,0,7.6934374319784915,0.3276707530647986
3,3,0,20.382226825988283,0.3289381153305204
1,2,0,4.25,0.3068722322453666
2,5,0,1743.172238556823,0.37189425561518585
0,0,970,0.0,0.0
6,11,0,2685.953227882575,0.36550107442859936
1,5,0,34.89575610667124,0.3294014084507042
8,11,0,3100.8599439147924,0.3692520228932307
3,10,0,1948.0001717994328,0.3299241756304003
4,3,0,2430.8896512768083,0.30987081815170586
4,2,0,1407.9944546164322,0.3075784974519152
1,4,0,71.1615052349948,0.36671893375147
2,6,0,364.3360540080595,0.3628078340120225
3,6,0,616.9131186293796,0.3789750860846668
3,6,0,98.01034854837697,0.3395028125567048
16,19,0,24124.27556861372,0.3977465986394558
0,6,982,0.0,0.3555006650199506
0,4,983,0.0,0.3333333333333333
3,5,0,3585.5106035921776,0.3171724021020512
0,2,985,0.0,0.30502119334854905
5,12,0,7434.952065430877,0.3586352309756565
1,1,0,0.0,0.3070736911209585
5,8,0,160.52547604479537,0.33482462419470294
1,1,0,0.0,0.3281880371864585
2,13,0,3387.4854879064897,0.3311504424778761
4,0,991,0.0,0.2830559757942511
5,9,0,345.04818924451536,0.3643622200584226
1,3,0,7.055752069567859,0.34958893871449925
1,1,0,0.0,0.24330299089726917
8,7,0,8117.632344573112,0.3468025949953661
3,1,0,1790.4922353914526,0.2991207034372502
2,3,0,25.478046872438483,0.31706490425351636
0,0,998,0.0,0.0
7,18,0,3325.309562654217,0.36182556565461227
3,4,961,4.0,0.3064199148378644
2,2,961,0.0,0.3063697396430326
3,2,0,1433.7105525939296,0.30677160190195113
11,11,0,4295.962087599852,0.3565167682926829
3,5,0,1860.9414607685555,0.31873935264054515
0,0,1005,0.0,0.0
2,4,0,159.12867568143238,0.3079328505595787
15,11,0,6579.413897218181,0.3970713073005093
1,5,1008,33.90733753684318,0.3291116974494283
1,3,0,0.0,0.3168501270110076
0,9,1010,0.0,0.3811366877164392
2,0,1011,0.0,0.2835278072435217
2,9,0,596.9921439765735,0.3793592862935929
14,12,0,6875.818041280159,0.3612666537941688
0,2,1014,0.0,0.29211553473848556
5,3,0,92.42166486049814,0.391750418760469
1,5,0,83.40005058776077,0.3578122011856952
0,0,1017,0.0,0.0
0,5,1018,0.0,0.372042155498111
1,2,0,0.0,0.34893696381947037
452,34,0,152971.9222907455,0.5309307604994324
5,7,0,242.37481849826392,0.37042169867353
0,4,1022,0.0,0.3510977669356352
4,2,0,1706.1232075842172,0.3317964178045753
4,3,0,66.35142067953716,0.32945941186828664
0,1,1025,0.0,0.24916766546810495
0,1,1026,0.0,0.28490939546215927
3,8,0,82.38376015899789,0.382930822758903
1,4,0,130.66505230234128,0.3559064105002853
1,8,0,10.498858823670812,0.38051657514744763
0,6,1030,0.0,0.32686932215234105
1,3,0,0.0,0.33144375553587246
1,3,0,436.9285075526042,0.34584103512014785
0,0,1033,0.0,0.0
0,1,1034,0.0,0.32998236331569664
1,0,1035,0.0,0.2928012519561815
0,0,1036,0.0,0.0
3,10,0,86.33552534871093,0.39068699102109
36,19,0,12886.61470653643,0.41075740944017564
9,14,0,1398.1189891903728,0.36266718356270594
0,0,1040,0.0,0.0
28,23,0,15332.077820422579,0.3924900356618418
7,17,0,6710.117206729689,0.40931962371472325
2,2,0,35.64854553549382,0.36758349705304516
0,10,1044,0.0,0.39489235964542
0,0,1045,0.0,0.0
0,3,1046,0.0,0.3395644283121597
5,12,0,4421.470995544792,0.36693469307707394
36,14,0,8624.64864359711,0.42426303854875286
0,4,1049,0.0,0.3561774224252808
7,17,0,2540.8847274985806,0.40833697075512876
4,7,0,674.276779270679,0.3459689349112426
0,10,1052,0.0,0.39158643784010044
290,25,0,52433.405533437006,0.49236842105263157
4,3,0,74.62994044382614,0.3468025949953661
1,24,0,127.8482850822049,0.42464820699046757
165,32,0,45006.90820445633,0.46311881188118814
1,3,0,0.0,0.3578122011856952
0,16,1058,0.0,0.39918924685299767
0,4,1059,0.0,0.35288570350811016
0,6,1060,0.0,0.355771059136718
1,8,0,24.847449390329523,0.38371616078753074
1,5,0,1.9296584093040539,0.3661448140900196
7,4,0,327.92757586793385,0.338826512133285
5,6,0,810.0358711159748,0.3446941783345615
4,8,0,297.35576619006065,0.33864253393665156
4,6,0,112.45976873914294,0.33161999291031546
3,1,650,3.70021645021645,0.3105909694555113
3,10,0,113.3892967345704,0.3823829961169017
1,5,0,3571.3171596233665,0.3214224360075588
73,27,0,34964.58879194949,0.4375584658559401
53,7,0,5897.729386961101,0.3983393655524803
0,4,1072,0.0,0.3382751762791539
1,11,0,16.600885736255442,0.33416681550276833
13,7,0,2410.3372281727698,0.3465456566030746
2,4,0,304.47690523142523,0.3317964178045753
0,4,1076,0.0,0.3376037531577048
3,0,1077,0.0,0.30601897284919855
1,3,0,2.631111111111111,0.3625968992248062
2,2,0,68.23613728592862,0.33327395796223724
2,4,0,572.9989795899204,0.3406773488710852
2,0,1081,0.0,0.30517044527809495
4,5,0,2255.987754125359,0.32131203846814355
7,9,0,800.702330683957,0.35966935793925414
0,15,1084,0.0,0.40744773519163763
1,4,0,14.345044495723123,0.3338686652391149
280,35,0,87837.61940633564,0.46821821821821824
1,5,0,23.118856883298584,0.35208882197967634
1,10,0,2.2785216084106428,0.3877720207253886
3,8,0,265.31699436356,0.3628078340120225
11,5,0,83.67760400094124,0.36743912018853103
1,19,1091,13.542683697933327,0.4153163152053274
2,18,0,326.98209331923164,0.40923009623797024
7,11,0,678.8645814062631,0.3941436696861175
1,7,0,0.719047619047619,0.36084860173577626
1,0,1095,0.0,1.0
18,28,0,21390.26977312235,0.41256890848952593
13,8,0,1121.6899850755203,0.37997562956945574
12,9,0,9146.448341034275,0.3919966478106013
2,14,0,304.1941523390726,0.38971047698396166
2,8,72,49.29286326159265,0.36266718356270594
2,3,0,28.687819043714295,0.3471243042671614
0,3,1102,0.0,0.3380307136404697
1,4,0,1.0,0.3457771206800961
5,16,0,2295.3823065757156,0.40771409893222926
27,19,0,3756.0256333375314,0.41256890848952593
3,3,0,1794.0132436579438,0.3654296875
41,29,0,18281.458905180574,0.41698239358145756
69,36,0,31815.2129103814,0.4395113929997651
2,11,0,54.636813627794965,0.39011676396997497
0,5,1110,0.0,0.38051657514744763
0,3,1111,0.0,0.3587727708533078
0,2,1112,0.0,0.33815290077715526
0,12,1113,0.0,0.3968186638388123
0,1,1114,0.0,0.2943212207015888
0,2,1115,0.0,0.34609692933777286
2,6,0,72.21330310284021,0.38641057414291613
0,15,1117,0.0,0.3979157805189281
6,10,0,361.8884900171857,0.3882548246524175
2,16,1119,84.518827279012,0.40682757121113283
1,15,1091,0.0,0.4004708904109589
16,20,0,1517.3591932391562,0.4094987962355001
0,3,1122,0.0,0.3671507064364207
0,10,1123,0.0,0.3880937564820577
0,4,1124,0.0,0.3625968992248062
1,16,0,1908.0621521206936,0.41366349767853194
3,20,0,444.3509213630321,0.4196949304620906
0,7,1127,0.0,0.377293809235733
1,1,0,0.0,0.32048646796848235
6,13,0,182.11537896905173,0.3992744344857021
0,1,1130,0.0,0.3201026518391788
0,0,1131,0.0,0.0
0,5,1132,0.0,0.3459689349112426
4,4,0,2086.5886933429915,0.32032186269474405
0,8,1134,0.0,0.3773699072206535
8,4,0,290.79011229656425,0.377827140549273
2,9,0,33.55201998790634,0.3394412191582003
1,3,1137,85.13516071915495,0.3390721275824574
1,5,0,19.48129197930119,0.3792055127685448
19,11,0,10821.736058381097,0.388981288981289
27,3,0,1523.6427840975844,0.40869375273045
3,13,0,2795.4992457775525,0.3923254351016985
7,6,0,435.86212790642566,0.37889833940866746
1,7,0,3437.2218011604473,0.35624523990860624
0,0,1144,0.0,0.0
0,1,1145,0.0,0.26460189506434734
1,0,1146,0.0,0.25796222252860884
3,9,0,673.6236851017404,0.3830876330876331
14,15,0,3602.3015606598105,0.3632304406911279
2,7,0,494.47989916459017,0.3534189648658859
1,5,0,1319.8939901488022,0.36578690127077224
11,6,0,544.3211049351158,0.34399705828277255
0,1,1152,0.0,0.31461240961829495
18,23,0,8674.510950138098,0.3938118290886129
1,2,0,0.0,0.32037671232876713
1,5,0,0.0,0.3650019508388607
12,16,0,2534.6949539816455,0.4048031155344007
4,2,0,0.0,0.3531521328803322
3,5,0,521.6554963459446,0.3833230895308338
4,12,0,420.0357081066132,0.39825457641549594
0,4,1160,0.0,0.3656439319914012
5,13,0,7219.819313828655,0.37928238394486113
16,13,0,3987.364932063312,0.4088723776223776
24,5,0,3591.353408165549,0.3377256317689531
2,5,0,28.982295588912677,0.37005537974683544
57,9,0,5634.7242653845815,0.41476391044114386
15,41,0,8282.82511388371,0.4300160882555734
94,24,0,16498.784249191303,0.4556746225036532
0,1,1168,0.0,0.25665294924554183
10,14,0,3036.7371754443075,0.38098147016900835
5,15,0,4772.932093267369,0.3617556071152359
3,9,0,525.6461433750093,0.3870500620604055
2,9,0,249.17551413194926,0.37843851132686085
8,18,0,1408.563173926382,0.37196819085487076
5,14,0,4179.678502686986,0.3902795160617438
3,1,0,0.0,0.3212017167381974
4,10,0,1881.5022459714455,0.3806714140386572
2,25,0,447.8050685351927,0.42464820699046757
2,6,0,29.49544874562261,0.3780561729642352
1,10,0,40.01944807266599,0.39522602450359107
0,3,1180,0.0,0.31141810918774965
0,0,1181,0.0,0.0
0,0,1182,0.0,0.0
10,8,0,903.3367089402667,0.3755519871537535
1,3,0,14.36105312803915,0.31706490425351636
0,1,1185,0.0,0.3468668891360771
3,3,0,73.67154179751489,0.3116774945860403
25,18,0,8797.353728782917,0.4004708904109589
10,15,0,4765.794577024797,0.3836374820586426
2,1,0,0.0,0.27734954046842575
1,2,0,0.0,0.30090061112898037
25,78,0,60258.840694729646,0.4609509731460951
8,4,0,548.5742111572741,0.3656439319914012
9,16,0,2346.873484478258,0.38737060041407867
2,1,0,1420.9999999999993,0.3300988002822865
0,6,1195,0.0,0.36780027521132297
1,7,1196,1.9333333333333333,0.36780027521132297
1,13,1196,62.89682059309581,0.3965663416701992
1,0,1198,0.0,0.284996191926885
18,13,0,7985.877047305177,0.36266718356270594
0,6,1200,0.0,0.381758824729647
6,6,0,252.68017164005275,0.3653583284514743
13,19,0,9630.262291677922,0.4025387263339071
19,20,0,3791.56684676723,0.41903695408734604
3,44,0,359.6118030508063,0.4496515260754626
9,37,0,3279.1727766681356,0.44231678486997633
1,3,0,184.95351431394297,0.3168501270110076
2,26,0,4273.109093914206,0.4185682326621924
1,13,0,290.7943849875391,0.4064740386704323
4,22,0,1588.3349768081232,0.4047155526714255
5,9,0,2098.0586787238917,0.3742
19,2,0,1690.429335506114,0.37012858555885264
108,25,0,33698.063313810766,0.44526415992384577
0,0,1213,0.0,0.0
0,1,1214,0.0,0.32125686813186816
1,0,1215,0.0,0.25831837636338534
1,1,0,1427.1900992212454,0.2542119565217391
0,0,1217,0.0,0.0
1,6,0,20.18272489248016,0.3735276502295867
3,19,0,538.0167819383836,0.40550498482878194
0,5,1220,0.0,0.37517545618608383
0,6,1221,0.0,0.3368743248109471
5,7,0,188.36421749584326,0.3425485170267301
0,0,1223,0.0,0.0
229,34,0,132746.9588485692,0.4980037263774288
0,3,1225,0.0,0.3640077821011673
1,2,0,0.0,0.3620356037151703
3,12,0,157.5116607768863,0.4051537462104807
1,4,0,4.925697627607547,0.3435549026808667
0,2,1229,0.0,0.32772814853739707
1,0,1230,0.0,0.26374400902170847
2,5,0,275.97011447320114,0.3507029053420806
24,16,0,4342.32979977214,0.4104870557261957
2,6,0,60.395299405925726,0.3742748549709942
0,3,1234,0.0,0.36664707035077404
11,23,0,1929.1035255832273,0.4296211251435132
2,13,0,4313.341105189589,0.36743912018853103
5,18,0,656.5208574108032,0.42397462043961026
1,6,0,66.0085015542024,0.3406773488710852
3,9,0,6052.36380025179,0.37517545618608383
2,5,0,1479.873303209319,0.367944936086529
8,4,0,129.07041066551787,0.31450663977139015
1,9,1242,707.8386700212957,0.4013299013299013
1,2,1242,3.0098074687617875,0.29964766175528507
1,2,0,8.198217036357585,0.3588415803605677
0,6,1245,0.0,0.36707867372964487
0,4,1246,0.0,0.37034837688044336
1,3,0,182.89823018300592,0.3630190143577804
2,1,0,6.005363526745079,0.3354850277927201
10,25,0,33244.462245650175,0.3688152966686379
2,7,0,3631.5161153880204,0.3599461331281262
3,5,0,75.25380229823446,0.3286492183383102
4,6,0,7.834319636641496,0.3590481673383228
2,5,0,13.838247398511836,0.34552169898430285
13,15,0,3603.5339984320444,0.391750418760469
6,26,0,1562.1408616991466,0.41913082437275984
0,0,1256,0.0,0.0
12,21,0,4951.363706928346,0.4333024548402038
1,0,1258,0.0,0.26374400902170847
36,14,0,12585.148015197447,0.4009858551221603
1,6,0,7.32570633376288,0.3847419288505038
1,3,0,28.33656407410716,0.33470483005366725
62,18,0,12016.214028075154,0.4071817192600653
0,13,1263,0.0,0.42130150866921867
9,11,0,123.54879857734406,0.4085152838427948
1,1,0,0.0,0.2894044856921887
0,5,1266,0.0,0.3625968992248062
2,20,0,33456.401448830286,0.3121454788121455
2,16,1268,760.5638423173812,0.4122961657117673
1,7,880,107.21826592001644,0.3588415803605677
1,2,0,1269.16351171079,0.2891808346213292
0,4,1271,0.0,0.3550958436135889
1,2,0,0.0,0.31706490425351636
4,6,0,113.67185143063779,0.3322088068181818
80,34,0,25209.05777960764,0.4462198902933461
0,0,1275,0.0,0.0
1,3,0,7.021429002308581,0.35610963075751806
24,15,0,13308.102586454741,0.3300988002822865
22,7,0,3840.680450009166,0.35122958513234465
10,3,0,370.15712513474995,0.36189555125725337
0,7,1280,0.0,0.3760804020100503
1,6,0,203.53360599430601,0.361057506754149
0,1,1282,0.0,0.3044256426944354
8,2,0,186.30985493062107,0.37167262614223284
1,8,0,68.61183623293809,0.37759838546922303
3,7,0,1982.6975625420016,0.3189566996249574
1,0,1286,0.0,0.27616236162361624
3,7,0,508.79643766010486,0.34154801022270903
8,5,0,945.1132729176015,0.3490671641791045
0,1,1289,0.0,0.32998236331569664
7,2,0,39.607084441974045,0.34292521994134895
2,4,0,36.46756635599096,0.33416681550276833
2,8,0,1.840192869950934,0.36043151608553264
3,1,0,0.0,0.27759643916913945
0,0,1294,0.0,0.0
9,18,0,1312.672039541795,0.41661099977733246
1,10,0,1797.3292525588686,0.3846628289473684
2,4,0,204.89903191380742,0.32692643718329545
1,0,1298,0.0,0.26460189506434734
1,7,0,505.9894894182177,0.3510977669356352
6,2,0,1800.2177592268965,0.3268122270742358
1,2,0,139.61600740578035,0.3141897565071369
1,1,0,0.0,0.2516476126429052
15,6,0,6424.042197415834,0.3362084456424079
1,7,0,161.87314551824056,0.3777508580658187
1,1,0,0.0,0.2800898203592814
11,6,0,6614.887472023916,0.33766468146543943
0,0,1307,0.0,0.0
3,2,0,14.736111958217222,0.280047897021404
13,15,0,3862.923572421526,0.4047155526714255
1,0,1310,0.0,0.28152272043334337
0,13,1311,0.0,0.4064740386704323
17,8,0,6735.023362183176,0.4046280276816609
0,0,1313,0.0,0.0
2,3,0,1536.951442424476,0.3636540330417881
3,3,0,6.370326813412175,0.3331552706552707
4,16,0,82.53067239550789,0.3963983050847458
27,19,0,8966.432393005662,0.4048031155344007
109,37,0,63753.36640394033,0.4625463535228677
4,4,0,2259.591094725914,0.3492626470039201
0,2,1320,0.0,0.3084913437757626
4,4,0,228.0253465123953,0.3329181494661922
7,9,0,6743.896151204105,0.3579491103883681
0,0,1323,0.0,0.0
1,7,0,6429.388337941593,0.3611271955221
2,5,0,17.65647843637805,0.3555682250095021
0,4,1326,0.0,0.3505058074185088
1,3,0,3.52251904529395,0.30324149108589954
2,16,0,3470.665704615794,0.38497942386831274
3,10,0,5536.071730311392,0.35685676139614725
3,13,0,1021.9784743656696,0.37211614956245026
4,15,0,1184.754856719243,0.39970091860713525
10,19,0,5827.181658756471,0.3921609725424439
0,6,1333,0.0,0.3823829961169017
2,4,0,1929.7753492080872,0.34192251461988304
1,13,200,58.88210570531881,0.4027120103314679
1,5,0,41.24146862066381,0.36664707035077404
1,4,0,23.32075875453329,0.344186902133922
1,5,0,93.13294096276523,0.3440603162927547
6,5,0,412.3839981686807,0.35631308322224337
1,0,1340,0.0,1.0
1,3,0,5.536831251123912,0.350834427151697
11,39,0,12139.319562859991,0.4431549028896258
0,0,1343,0.0,0.0
0,0,1344,0.0,0.0
12,4,0,1973.3476626965537,0.3453941295920251
1,33,0,1111.235397707692,0.43090741593735604
13,15,0,23187.936453379723,0.3597385118246491
2,4,0,10.076939885658707,0.28114199849737037
1,7,0,178.03298199866768,0.3588415803605677
4,10,0,5366.137592957431,0.3581546707503829
15,36,0,12948.40834010904,0.4104870557261957
0,1,1352,0.0,0.3468668891360771
12,10,0,6112.799828154613,0.38713014690668324
1,3,0,19.67958537674233,0.3331552706552707
0,1,1355,0.0,0.32998236331569664
2,9,0,56.49271094206243,0.34991584065831305
2,5,0,32.67594906015194,0.3340474915193715
3,6,0,104.19193706150521,0.36514441842310696
10,9,0,2813.127673818916,0.34361799816345273
7,6,0,4876.91475312447,0.33778660408015887
7,4,0,65.82659942345977,0.34622501850481124
11,13,0,6042.909260393656,0.3893860561914672
23,13,0,8044.70448927283,0.40124383444134676
0,2,1364,0.0,0.34211007496800144
12,19,0,2860.741739208312,0.42378255945639864
0,18,1366,0.0,0.3935633151030711
0,1,1367,0.0,0.27305896088733217
25,10,0,2156.535282984005,0.39430979978925185
1,1,0,0.0,0.3307406752695775
1,0,1370,0.0,0.3155675493337831
0,13,1371,0.0,0.3867300537412154
0,6,1372,0.0,0.35638095238095235
6,1,0,39.20852200846986,0.3369956772334294
6,15,0,7542.433829900207,0.3819146764645846
0,9,1375,0.0,0.3834802213568354
22,15,0,4854.749957260003,0.3889004364996882
0,1,1377,0.0,0.280047897021404
1,0,1378,0.0,0.244511238891793
3,2,0,4.495071649119033,0.288156476205144
1,1,0,0.0,0.30522022838499185
17,23,0,5398.293189063657,0.41393805309734516
2,7,0,20.801055771311585,0.3580861244019139
1,2,0,0.0,0.33742110009017134
0,0,1384,0.0,0.0
7,6,0,2160.6255230282422,0.371009319849296
13,9,0,4283.962483957391,0.3835588355883559
4,8,0,158.42629051673984,0.35753869673227595
9,8,0,412.3193525537173,0.35610963075751806
0,5,1389,0.0,0.3406153286000364
8,7,0,590.6771569721168,0.3602233346168656
0,7,1391,0.0,0.3819146764645846
0,0,1392,0.0,0.0
0,6,1393,0.0,0.3647173489278752
1,26,0,18.34992428160652,0.42130150866921867
4,9,0,84.72917254523631,0.3852172122709491
6,5,0,8.911058806390113,0.37145126067103434
1,3,0,0.0,0.3661448140900196
3,11,0,388.21577361740714,0.4008140531276778
0,2,1399,0.0,0.3062694385333115
0,9,1400,0.0,0.3450756178531907
2,15,0,1252.6087287553505,0.40392918825561314
18,6,0,1314.6762297202074,0.38849667774086377
0,1,1403,0.0,0.3024571613320401
5,4,0,2899.5335594344783,0.3289381153305204
5,3,0,6.751789816739061,0.34609692933777286
0,1,1406,0.0,0.2482090740249403
0,1,1407,0.0,0.3189566996249574
1,3,0,0.5787037037037037,0.33452529948149473
5,2,0,144.62881245871728,0.3177109865851588
2,50,0,4670.170078652541,0.42912844036697245
4,6,0,407.8337064267207,0.3588415803605677
0,7,1412,0.0,0.3676557280408725
2,10,0,1871.4896473134281,0.3810590631364562
1,0,1414,0.0,0.31530165149983147
7,13,0,2671.879258857327,0.4027120103314679
1,1,0,0.0,0.33452529948149473
2,4,0,91.22832862094859,0.35030893091181425
0,2,1418,0.0,0.3066710375348304
1,3,0,16.018615662721523,0.32669809673476513
1,4,0,3585.0779309600034,0.3426112433620216
34,17,0,11260.412736826667,0.3965663416701992
1,7,0,293.2162040605402,0.3660731755038153
12,44,0,8565.298983689936,0.42824444953078505
11,9,0,2715.445120643407,0.3823829961169017
2,4,0,50.973035921489036,0.3515595640736565
18,17,0,25747.552728429757,0.3555006650199506
1,16,0,51.13020069530908,0.39522602450359107
0,0,1428,0.0,0.0
1,0,1429,0.0,0.2936283741368487
2,7,0,297.83511869772104,0.34431358115568644
11,30,0,3659.2130117144875,0.42416685558830197
30,25,0,3985.283690523889,0.43531875290832944
8,3,0,180.1217831492498,0.3364502787268477
7,8,0,2246.3607052405832,0.367944936086529
4,8,0,795.7916553518455,0.3590481673383228
1,6,1436,13.067223705699394,0.3918324607329843
0,2,1437,0.0,0.35063718140929534
28,12,0,10141.980734809047,0.3926547743966422
0,6,1439,0.0,0.3691791633780584
0,0,1440,0.0,0.0
1,2,1441,17.10126967830056,0.3581546707503829
1,1,0,0.0,0.2891808346213292
0,0,1443,0.0,0.0
127,37,0,43440.81988047329,0.4304117782378652
21,5,0,1902.096979729983,0.3662164807202975
3,6,0,77.77894657309952,0.3478341699200595
18,5,0,4996.580374358077,0.3650019508388607
4,1,0,6.351501482554653,0.29660748256182623
2,7,0,366.89251922902014,0.37653451398671767
1,3,0,1850.575638135648,0.3250521195274496
0,2,1451,0.0,0.3189566996249574
5,5,0,47.18159063542268,0.36443319049474093
3,4,0,2026.678560867431,0.3191743432275674
0,1,1454,0.0,0.2894044856921887
2,3,0,5.552152477152477,0.35182399398270026
0,1,1456,0.0,0.33524457982440425
67,30,0,35521.454439696616,0.4396146616541353
5,6,0,90.93602016204757,0.3798984771573604
4,6,0,60.094059593582145,0.35116366366366364
0,3,1460,0.0,0.3411121239744758
0,0,1461,0.0,0.0
4,54,0,11799.498578149072,0.4360288976928455
0,12,1463,0.0,0.40976784932106874
11,10,0,527.2105373688657,0.38569367140795713
3,1,0,3.4089113305585497,0.33578607322325915
22,13,0,4177.488880652297,0.39011676396997497
7,7,0,229.4723799683958,0.39406065711878685
1,10,0,164.70705732873898,0.34880686055182697
0,1,1469,0.0,0.31530165149983147
0,5,1470,0.0,0.35897927858787415
27,35,0,29990.39095353716,0.4202605570530099
0,1,1472,0.0,0.26808998423842956
3,17,0,99.73464398194375,0.3574021012416428
1,2,0,0.0,0.32686932215234105
0,0,1475,0.0,0.0
2,19,0,537.5947789265599,0.3806714140386572
49,25,0,14488.13266762899,0.4060329861111111
3,6,0,3814.347426135371,0.31819727891156463
7,1,0,28.410584835845473,0.3457771206800961
5,10,0,88.67470766152694,0.3269835721775603
1,0,1481,0.0,0.2477489406779661
6,11,0,8554.803834926337,0.3902795160617438
0,4,1483,0.0,0.3689607572470913
65,22,0,14160.029060470597,0.4504092441020703
6,32,0,5688.466973666259,0.4304117782378652
1,0,1486,0.0,0.28131108104044505
0,19,1487,0.0,0.41922473672417654
3,2,0,922.6430460631555,0.33542488347077803
3,24,0,360.0583795304862,0.39953021567371344
31,13,0,9640.093540403968,0.38537590113285275
37,8,0,3411.542006289581,0.4041036717062635
1,2,0,2.021560846560847,0.3432397725188039
0,6,1493,0.0,0.34828741623231574
2,9,0,1984.943499252165,0.3706418383518225
1,11,0,64.87059660028346,0.39314982139104854
0,3,1496,0.0,0.3542889604241621
1,5,0,30.51059024199019,0.3586352309756565
55,21,0,16188.207490235543,0.42215703971119134
0,1,1499,0.0,0.29707843759923785
1,6,0,17.976303299299417,0.3760804020100503
1,12,1501,47.10437536055844,0.4027120103314679
0,11,1502,0.0,0.396902842596521
0,0,1503,0.0,0.0
27,14,0,8436.004423936698,0.4103070175438597
0,0,1505,0.0,0.0
2,6,0,90.17793515873986,0.34900205185599703
0,2,1507,0.0,0.3362084456424079
18,37,0,8489.739388249634,0.43170281495154594
6,21,0,8258.099275778222,0.4073590246026562
0,1,1510,0.0,0.31461240961829495
0,7,1511,0.0,0.3425485170267301
1,4,1137,53.62792665776693,0.3075784974519152
1,4,0,11.883881620301473,0.33345214756727853
126,40,0,51849.584169491194,0.47319170460293375
4,24,0,2401.692616449706,0.3974930953898449
4,4,0,683.4842363503799,0.33309595869681324
12,10,0,8455.162875439062,0.3662881754111198
7,2,0,1112.9647345562264,0.32652705061082027
0,2,1519,0.0,0.29684277328256387
0,3,1520,0.0,0.3452029520295203
1,3,0,1.6711371663747705,0.3224194382216095
1,19,0,76.23072028037029,0.407891868323523
3,11,0,1961.0691995627349,0.3842678168001643
1,5,0,41.327457402776744,0.33815290077715526
2,5,0,245.08960618942325,0.35182399398270026
3,5,0,38.8317157837452,0.3774460359088158
10,32,0,8826.084561244235,0.4310066804883667
2,19,0,1972.767537588216,0.41763392857142856
2,6,0,21.54782423365917,0.36266718356270594
62,39,0,34176.93951932186,0.45291696925683855
0,5,1531,0.0,0.3743497398959584
5,2,0,293.0903636296784,0.3254479039833014
2,2,0,1.3391131815044859,0.30946080052927555
2,9,0,25.98656868660978,0.3555006650199506
2,5,0,19.40973218546571,0.3584977965127419
4,7,0,748.6173866700125,0.3768378650553877
2,4,579,9.959471926085236,0.34757570128181314
0,0,1538,0.0,0.0
0,1,1539,0.0,0.3417351598173516
0,0,1540,0.0,0.0
0,7,1541,0.0,0.3744995996797438
1,10,631,1422.0000000000002,0.3987638533674339
1,6,0,2.4307059512956606,0.3623862095680806
1,3,0,92.24945193084149,0.28275653619465013
2,9,0,2608.5087525469908,0.3635833657209483
0,0,1546,0.0,0.0
2,2,0,17.864907063454954,0.3527526395173454
2,2,0,343.18077947579036,0.31028192371475954
10,18,0,3654.4426858523484,0.3805939788445891
7,7,0,1065.8801829325616,0.34828741623231574
1,3,0,26.03625452883295,0.3230875496460024
1,0,1552,0.0,0.2688604684581118
3,4,0,143.21594480386014,0.32726954696519156
0,1,1554,0.0,0.3468668891360771
10,11,0,1371.389215058858,0.3740503798480608
4,5,1556,798.8436866868747,0.2851699436061576
1,4,1556,925.8541905757711,0.3017741935483871
2,0,1558,0.0,0.23210519786626968
2,1,0,3567.0,0.27896227821678843
1,18,689,32.28097369617808,0.4157777777777778
4,7,0,3729.5727505777622,0.3749498997995992
1,4,1562,0.0,0.3497850065432791
1,10,1562,101.59661187132647,0.39514255543822596
1,2,0,3696.594528142124,0.2869191841742064
2,6,0,386.4754294786179,0.3602233346168656
7,20,0,1121.2477977281162,0.4056808326105811
8,11,0,3531.1842066949566,0.39273719563392107
0,1,1568,0.0,0.29515696482094966
0,41,1569,0.0,0.4381733021077283
1,14,0,3867.0854487478073,0.4030590262817751
1,9,0,2423.080012172401,0.3733040702314445
3,7,0,777.619809237922,0.3426739926739927
0,9,1573,0.0,0.37706569931479245
0,4,1574,0.0,0.3363897878460985
1,3,0,0.0,0.30541952334312766
16,3,0,1058.1822053770327,0.3565167682926829
6,13,0,273.33648313696716,0.3993596584845251
16,34,0,7663.07004928866,0.4289316827143512
0,0,1579,0.0,0.0
6,13,0,1468.2020758536753,0.37517545618608383
11,8,0,1475.9208774470496,0.3728577122359506
1,7,0,127.70052572590528,0.32922752067569944
2,3,0,14.063490422185865,0.32015742642026007
0,1,1584,0.0,0.2876249039200615
6,11,0,9076.452343646304,0.35496110794915575
47,34,0,38601.431467941555,0.4392018779342723
1,4,0,3.0884702008996237,0.34731761648412846
8,19,0,1132.4125305088662,0.3934805467928496
0,11,1589,0.0,0.4081588132635253
19,15,0,5321.645433307222,0.3161006926845751
18,16,0,1173.614469448514,0.4121145374449339
0,4,1592,0.0,0.32969162995594714
4,5,0,134.99146556764524,0.36015399422521654
0,2,1594,0.0,0.33560538116591926
0,9,1595,0.0,0.3631599378881988
0,9,1596,0.0,0.36671893375147
3,1,1597,20.00359357990937,0.24129481557905597
4,1,1598,900.6456279587859,0.2968898762297683
2,2,1598,888.6043720412141,0.29637256454934263
3,7,0,100.11056356110308,0.37517545618608383
8,4,0,2338.564484295715,0.3350044762757386
2,5,0,257.9073511699485,0.3327997154037709
1,0,1603,0.0,0.23016361176036412
1,0,1604,0.0,0.28084659261483036
1,1,0,0.0,0.28775761304214087
20,11,0,7487.044342176081,0.3647173489278752
1,4,0,157.56573015812626,0.2570054945054945
6,8,0,2391.3196769336187,0.35563581068237976
2,21,0,10535.034536473113,0.4041036717062635
0,2,1610,0.0,0.3428623785962983
0,1,1611,0.0,0.291796631316282
28,14,0,16771.856388744774,0.41193306913254074
2,6,0,1360.8237958272457,0.33864253393665156
0,0,1614,0.0,0.0
1,2,0,0.0,0.27401874633860573
3,5,0,911.8855362065145,0.3565167682926829
0,0,1617,0.0,0.0
5,18,0,383.2350791443519,0.42349479402444545
0,3,1619,0.0,0.323478561549101
6,12,0,1587.397783426469,0.381758824729647
1,13,0,202.3515429510289,0.38561417971970324
2,8,0,440.924586861197,0.37189425561518585
1,5,0,48.93322630032431,0.3662164807202975
0,1,1624,0.0,0.2667522098659823
0,1,1625,0.0,1.0
2,3,0,1787.3649572649574,0.2806780678067807
0,0,1627,0.0,0.0
2,10,0,79.53970580411575,0.3804392029280195
2,3,0,114.80736655880645,0.32732680195941216
1,0,1630,0.0,0.3155675493337831
10,0,1631,0.0,0.3414233576642336
1,3,1632,44.675207351192185,0.334226509467667
7,5,0,2840.202358023498,0.37293203109427947
1,0,1634,0.0,0.27167126470161174
3,10,0,288.38679297145916,0.3702018203403245
0,2,1636,0.0,0.28780187663436396
1,6,0,7.26337404149042,0.3821486928104575
1,1,0,0.0,0.24188752424046542
0,24,1639,0.0,0.4122961657117673
6,18,0,2401.6917705718497,0.3505058074185088
0,4,1641,0.0,0.3176570458404075
1,3,0,42.7762982375578,0.2884229998458455
2,3,0,91.61717381910591,0.3377256317689531
0,0,1644,0.0,0.0
4,11,0,2062.468502142669,0.3956438993444703
3,11,0,2404.2830403615035,0.3802845528455285
0,2,1647,0.0,0.30143386499113906
3,7,0,2106.186345413034,0.36393697724178176
2,3,0,0.0,0.30854221635883905
2,2,0,1798.7496524921155,0.2864798652580003
0,0,1651,0.0,0.0
1,2,1652,5.511111111111111,0.2902575240459199
73,32,0,24306.564065056747,0.42120666366501575
7,8,0,583.1989077869384,0.34552169898430285
5,13,0,67032.0181002147,0.40454054054054056
3,0,1656,0.0,0.32916959887403235
128,66,0,62039.59695901545,0.483712512926577
0,7,1658,0.0,0.3383363471971067
2,1,0,315.1050671012461,0.29707843759923785
34,16,0,11556.559507710479,0.41866189304094875
27,21,0,8531.743537111752,0.4010718113612004
3,7,0,237.38161609059372,0.3786682857721109
49,34,0,13780.203801139878,0.43200184714846457
2,3,0,0.0,0.3457132298595713
0,2,1665,0.0,0.35122958513234465
1,5,0,1784.6261904761905,0.3269835721775603
2,7,0,1560.698684646636,0.38013002844372207
0,1,1668,0.0,0.3186850621699881
0,13,1669,0.0,0.4100372561911023
1,5,0,6.42523126217017,0.35044015733283385
0,4,1671,0.0,0.36772798742138363
1,3,1865,3.138095238095238,0.2631875087916725
2,3,0,90.12441089976477,0.34815779679940456
165,59,0,111497.50251235695,0.4803594351732991
2,2,0,7.216331652001113,0.3365107913669065
0,11,1676,0.0,0.3599461331281262
0,26,1677,0.0,0.4081588132635253
4,9,0,534.7301258788558,0.38036186216710716
11,21,0,6284.283292050425,0.3808263789945044
2,0,1680,0.0,0.2751470588235294
1,1,0,0.0,0.308084966244031
2,3,0,68.74178277467432,0.3121454788121455
412,35,0,115506.47522925737,0.519001386962552
26,18,0,11318.148601511866,0.40958844133099825
0,7,1685,0.0,0.37714170530135055
0,5,1686,0.0,0.35712922313418594
2,5,0,1.3797644556231894,0.3599461331281262
0,2,1688,0.0,0.3252781641168289
2,5,0,12.720666859791924,0.3625968992248062
1,13,0,162.2812675694558,0.4041036717062635
0,2,1691,0.0,0.35911708253358926
0,1,1692,0.0,0.2627808988764045
4,12,0,2360.4863766314998,0.4008999357188772
2,3,0,84.4957456284132,0.3212017167381974
9,9,0,311.7618625620185,0.36693469307707394
11,5,0,2483.9020548103445,0.36372472783825816
7,7,0,3211.0502273461366,0.344186902133922
0,0,1698,0.0,0.0
0,1,1699,0.0,0.3081357048748353
38,6,0,3082.5242528761223,0.3808263789945044
4,4,0,3235.7480574050983,0.3664316490403447
1,1,0,0.0,0.27954579411325264
17,21,0,10484.487113287036,0.40976784932106874
4,6,0,630.4900803500473,0.34874184529356944
7,2,0,154.65931454096622,0.3452029520295203
1,0,1706,0.0,0.27661147250147844
1,3,0,1459.9750812490463,0.3537530724144451
3,5,0,3408.08392496768,0.32882249560632687
0,1,1709,0.0,0.3189566996249574
1,16,0,1840.0144119350566,0.40262534968797076
0,7,1711,0.0,0.3560418648905804
7,4,0,1043.009312891696,0.33167878035809256
15,4,0,6984.253850182893,0.32928546286518834
62,22,0,29583.823072828178,0.4243592651394874
0,6,1715,0.0,0.37630732099758646
12,5,0,1365.0777467130508,0.3560418648905804
4,18,0,3308.2888251398685,0.39825457641549594
0,0,1718,0.0,0.0
417,79,0,306481.61277546507,0.5357961053837342
1,7,0,55.362464881537626,0.3841100390063642
0,1,1721,0.0,0.3468668891360771
3,2,0,249.63322254899973,0.3377256317689531
0,10,1723,0.0,0.36550107442859936
6,16,0,8449.644978126778,0.3941436696861175
2,3,0,0.0,0.2968898762297683
2,5,0,90.72969221420928,0.3715250198570294
66,17,0,19352.90388294436,0.4397179788484136
5,16,0,502.4166312770716,0.40323275862068964
3,2,0,21.610956933819033,0.3354850277927201
1,2,0,1784.0742448249425,0.30114276516980526
2,2,0,0.0,0.35987689940373147
1,6,801,21.247266986309917,0.35644884739950466
2,22,0,2106.3470703755797,0.42368659420289856
1,6,0,1795.2960286576945,0.3631599378881988
1,9,0,1893.5211373203554,0.34154801022270903
2,4,0,156.35855570079107,0.3324449182658138
0,9,1737,0.0,0.3631599378881988
1,4,0,32.27053349734296,0.3652156939293383
9,12,0,1686.7761980098933,0.3802845528455285
0,2,1740,0.0,0.3235344976655715
2,3,0,273.43369245375203,0.33542488347077803
8,14,0,3410.6238919909874,0.39901898059287694
0,1,1743,0.0,0.3201026518391788
0,0,1744,0.0,0.0
4,26,0,455.82410338337644,0.42349479402444545
7,22,0,55.095309795794996,0.3599461331281262
0,4,1747,0.0,0.37882162381048795
4,16,0,115.50851923746843,0.4078029642545772
11,54,0,12671.132186777915,0.4516051170649288
1,2,0,0.0,0.33530465949820787
11,15,0,4288.736204983017,0.39723991507431
0,4,1752,0.0,0.3614760432766615
38,20,0,8966.968381501576,0.4164255508568885
0,3,1754,0.0,0.36266718356270594
1,3,0,2.7662037037037033,0.2967956852791878
4,7,442,190.6301098765885,0.3559064105002853
0,14,1757,0.0,0.4048031155344007
1,33,0,574.7221621690348,0.4155007772596047
0,6,1759,0.0,0.3683070866141732
1,1,0,0.0,0.266372437357631
5,12,0,194.3969913125818,0.3806714140386572
0,13,1762,0.0,0.3868100062021914
0,5,1763,0.0,0.3615458937198068
0,3,1764,0.0,0.35788064269319053
16,22,0,2758.4534121450015,0.4187555953446732
0,2,1766,0.0,0.327613377692173
4,3,0,1883.1794576923392,0.3296335447498238
2,3,0,12.902836724823574,0.34867685426761086
2,26,0,3480.381560867497,0.40124383444134676
2,6,0,10.892067011579208,0.31950136612021857
1,1,0,0.0,0.27254187909686817
1,1,0,7.9814003662955315,0.3167964781578056
1,10,0,38.27438873597854,0.3612666537941688
19,19,0,7656.2675161255565,0.4153163152053274
4,5,0,124.00724505065779,0.31141810918774965
1,4,0,26.849287112538875,0.31873935264054515
0,0,1777,0.0,0.0
2,10,0,164.50760390478314,0.38371616078753074
1,0,1779,0.0,1.0
3,7,0,11.274042243446267,0.3106941215543009
4,6,1556,3052.1344414426003,0.3270407271456039
2,6,0,187.23303718188376,0.3135053619302949
2,2,1556,45.16520022045599,0.24768334657135294
23,32,0,15073.526480435497,0.426779197080292
1,1,0,0.0,0.27246250182029996
1,0,1786,0.0,0.2704538884070541
8,3,0,1709.26474645913,0.3240949246492292
1,3,0,0.0,0.28084659261483036
13,5,0,4068.7426200409386,0.3234226447709594
2,15,0,316.5700596487433,0.37167262614223284
14,72,0,92371.91944026816,0.3706418383518225
0,3,1792,0.0,0.2913422609778885
7,8,0,414.106039417832,0.3522213855421687
32,7,0,24294.119532487664,0.35856650057493294
1,8,0,51.54787814694599,0.36808971080070824
4,2,0,1503.2320295804886,0.32443211375065023
3,0,1797,0.0,0.277514090774251
4,0,1798,0.0,0.30828802109078923
5,11,0,957.7450413204702,0.39783117159260045
4,15,0,496.4879254793461,0.39290214195716083
1,3,0,0.0,0.3056690083319719
2,4,0,184.0402448823798,0.3607790204396452
1,8,0,0.0,0.2972200158856235
6,9,0,1032.6884325219917,0.3691791633780584
1,4,0,7.9814003662955315,0.32032186269474405
3,6,0,292.5023178268306,0.34861188746040617
2,6,0,17.235833075755792,0.33309595869681324
1,4,0,0.0,0.30517044527809495
14,11,0,1663.5784678929103,0.36168567562342935
1,1,0,0.0,0.3049217731421121
3,4,0,91.5436337877395,0.3372994411393546
23,18,0,11160.403573573165,0.4073590246026562
2,4,0,21.311796066867807,0.3100762346702022
1,10,0,264.93893102160615,0.37502505512126677
0,1,1815,0.0,0.2704538884070541
9,17,0,2973.7069333586987,0.3457771206800961
1,1,0,0.0,0.24893560404470463
11,2,0,248.93466645828727,0.3268122270742358
0,2,1819,0.0,0.2943675267463814
1,12,0,99.83783258310386,0.3846628289473684
8,1,0,794.523837260988,0.3470599146726025
3,5,0,18.800707121706676,0.31053941908713695
6,11,0,864.6261261278206,0.396902842596521
4,4,0,47.79973069202429,0.33416681550276833
4,11,0,768.6752487315686,0.3780561729642352
6,8,0,2571.709891511291,0.38144750254841997
1,0,1827,0.0,0.22563917028461167
2,5,0,68.39389845755329,0.3380307136404697
2,3,0,26.413166068401384,0.33161999291031546
2,1,0,7.9814003662955315,0.3168501270110076
2,3,1556,45.16520022045599,0.24768334657135294
1,19,0,293.0721927014717,0.3875310687655344
6,11,0,974.903634457628,0.3744995996797438
3,69,0,21981.665111242244,0.4606105366814377
4,5,1556,20.706649853888564,0.25036799143583566
7,8,0,651.5012279222052,0.33578607322325915
1,1,0,3.922576291805355,0.3072249589490969
3,6,0,65.7478484068636,0.3416103706408618
3,10,0,142.63654951556572,0.3609182098765432
2,7,0,20.79976211196806,0.3464173301240511
0,0,1841,0.0,0.0
0,2,1842,0.0,0.33809179616913626
0,1,1843,0.0,0.30487208733909077
2,0,1844,0.0,0.31971975393028024
2,11,0,96.0241293608253,0.38737060041407867
35,13,0,18983.725649647953,0.396902842596521
1,3,0,6.778466386554622,0.3208161865569273
2,2,0,0.0,0.3448847926267281
0,0,1849,0.0,0.0
0,23,1850,0.0,0.41111843550867944
0,33,1851,0.0,0.4362322219631616
9,20,0,1711.5497051445222,0.4148558758314856
9,19,0,216.40431255245275,0.3376037531577048
41,20,0,7046.253586418315,0.42130150866921867
10,4,0,492.46954729201394,0.34919746173945504
12,5,0,11450.563412987325,0.3706418383518225
13,1,0,0.0,0.3034874290348743
6,1,0,1447.8718981627615,0.3295174357168017
1,1,0,2.8575634365753295,0.33821402747650037
21,8,0,4102.15920420457,0.37691377921031427
1,2,0,7.548394715578736,0.31993844049247605
1,1,0,1.3635700036477632,0.3431138822666422
4,4,0,3364.383083183728,0.3371171171171171
0,1,1864,0.0,0.3189566996249574
3,2,1865,1791.8073035253003,0.2788375558867362
0,2,1866,0.0,0.31642144427532554
0,0,1867,0.0,0.0
0,17,1868,0.0,0.3962304108428632
1,1,906,0.0,0.237466683589288
1,1,0,5.129308079182797,0.3239265927977839
1,6,0,10.584505083261762,0.3713775307661771
2,1,0,0.0,0.2916601714731099
0,1,1873,0.0,0.29321422974455413
0,1,1874,0.0,0.30294689119170987
4,7,0,318.424995400349,0.3652156939293383
4,9,0,3276.3517481123604,0.31966512899367844
0,0,1877,0.0,0.0
0,0,1878,0.0,0.0
4,34,0,671.3821023357415,0.43684333411160403
7,21,0,2710.52679889135,0.41093784318032067
0,0,1881,0.0,0.0
7,15,0,5562.152152190851,0.40427830596369924
1,8,0,55.36171103550155,0.3893050353724511
0,5,1884,0.0,0.37027508410845045
19,23,0,6369.007860653712,0.4174475680499777
2,6,0,7136.100392307969,0.36808971080070824
1,6,1887,0.0,0.3662164807202975
2,11,0,231.95437381796495,0.4009858551221603
12,7,0,9641.339645621058,0.3846628289473684
29,5,0,4030.6533564934393,0.35980769230769233
4,49,0,5539.558099327138,0.42932537861404313
40,3,0,3153.1482499234003,0.37820901556498887
10,12,0,6056.067793023807,0.34513927319682713
0,4,1894,0.0,0.3081357048748353
5,21,0,13315.063586876437,0.4064740386704323
15,23,0,10696.372617710782,0.41997755331088665
1,8,1897,44.53940571631926,0.34932785660941
13,21,0,8803.20790653493,0.41129918663442516
5,7,0,86.95531374874017,0.37661030595813205
1,7,0,4.83381814386253,0.3846628289473684
1,0,1901,0.0,0.25157993814710233
0,13,1902,0.0,0.4008140531276778
1,8,0,21.826845625722083,0.3834016393442623
0,1,1904,0.0,0.30294689119170987
40,23,0,13152.656363171836,0.4225383920505872
4,12,0,1872.7906288927954,0.3965663416701992
5,11,0,441.06608220332834,0.4001283147989735
4,4,0,3524.2754986671025,0.3531521328803322
1,7,1887,9.149879738030458,0.3691791633780584
0,9,1910,0.0,0.38979166666666665
4,18,0,3977.4992463701483,0.40201976794155564
1,1,0,0.0,0.2867872470876763
25,11,0,17721.280452281062,0.39011676396997497
0,0,1914,0.0,0.0
1,3,0,1.315050635638871,0.35529813900493734
1,3,0,20.165662038448176,0.31971975393028024
18,13,0,3233.735360134856,0.406385751520417
1,3,0,0.0,0.3166892349356804
7,15,0,2645.773325810726,0.3933978132884777
0,1,1920,0.0,0.34893696381947037
0,2,1921,0.0,0.30363518338201884
0,1,1922,0.0,0.3135579017931959
1,10,0,15.172231899116696,0.37691377921031427
6,20,0,3449.2344730657787,0.41903695408734604
7,17,0,780.3029579047769,0.3815252854812398
3,11,0,358.1092647040972,0.3704950495049505
1,1,0,0.0,0.23361218629042327
1,7,119,434.2821487323758,0.33161999291031546
0,4,1929,0.0,0.3461609620721554
86,25,0,66348.88915135476,0.4345099860659545
0,0,1931,0.0,0.0
1,6,1932,21.947882424823874,0.3464814814814815
2,19,0,43.240677283630845,0.3748747745942697
21,19,0,26973.756395324894,0.38665013432527384
1,3,0,27.062536433646954,0.3082372322899506
4,12,0,1974.937138953951,0.384504726674887
0,0,1937,0.0,0.0
9,12,0,509.6171311071124,0.3823829961169017
0,3,1939,0.0,0.3471887177583967
0,0,1940,0.0,0.0
2,6,0,44.31809507545205,0.352287704763698
7,10,0,534.5776176025342,0.3602233346168656
12,11,0,3086.670239211355,0.40366774541531825
0,0,1944,0.0,0.0
0,1,1945,0.0,0.3468668891360771
1,3,0,0.0,0.3376037531577048
1,8,1947,30.050100928233675,0.331033262561925
0,0,1948,0.0,0.0
5,19,0,5238.423541907226,0.4096781256842566
0,1,1950,0.0,0.2873157248157248
36,39,0,23761.861563427796,0.4364357359458829
5,2,0,84.04338152482855,0.35946205571565804
2,12,0,516.8940519828633,0.3860916219562526
1,5,0,4.736050383138978,0.3465456566030746
6,10,0,213.5343127824825,0.3368743248109471
1,4,0,2.398014945501792,0.372783422992628
0,3,1957,0.0,0.35767539667367615
2,2,0,27.806071707318285,0.33097470369715193
5,10,0,660.930131813209,0.3970713073005093
3,8,0,1679.9825133764655,0.3584977965127419
9,8,0,583.095018120402,0.3752507019655034
1,5,0,16.626432782049232,0.31738761662425785
18,15,0,6883.099625722232,0.38793282189508604
3,12,0,4268.211074874571,0.3728577122359506
1,0,1965,0.0,0.29646648708604023
2,13,0,3671.788826994472,0.36866995073891623
0,4,1967,0.0,0.33309595869681324
0,3,1968,0.0,0.35103189493433395
3,11,0,209.98731092291078,0.3831660864222814
29,45,0,10876.060722624254,0.44792913574335647
2,3,0,8.69573608189242,0.3609878448774841
0,0,1972,0.0,0.0
0,4,1973,0.0,0.3609878448774841
2,1,0,37.28595695893314,0.28072018004501126
3,12,0,529.466646344829,0.39825457641549594
